ItemType,ItemIdentifier,OptShift,CrewTypeID,CrewTypeCode,CrewNum,Sequence,DistanceTravelForJob,PointsCalculatedForJob,PlanStartDate,PlanEndDate
Segment Start,5218007559,2023-10-17T07:30:00.0,9e080037-7ada-4083-9fe7-dc7874404fde,WodoStateHaz,1,176,0.0,,2023-10-17T08:15:25.0,2023-10-17T08:15:25.0
Segment End,5218007559,2023-10-17T07:30:00.0,9e080037-7ada-4083-9fe7-dc7874404fde,WodoStateHaz,1,177,0.0328947,,2023-10-17T08:15:28.0,2023-10-17T08:15:28.0
Segment Start,5510006611,2023-10-17T07:30:00.0,9e080037-7ada-4083-9fe7-dc7874404fde,WodoStateHaz,1,24,0.0,,2023-10-17T07:37:36.0,2023-10-17T07:37:36.0
Segment End,5510006611,2023-10-17T07:30:00.0,9e080037-7ada-4083-9fe7-dc7874404fde,WodoStateHaz,1,25,0.1682546,,2023-10-17T07:37:52.0,2023-10-17T07:37:52.0
Segment Start,5236108534,2023-10-17T07:30:00.0,9e080037-7ada-4083-9fe7-dc7874404fde,WodoStateHaz,1,146,0.0,,2023-10-17T08:12:29.0,2023-10-17T08:12:29.0
Segment End,5236108534,2023-10-17T07:30:00.0,9e080037-7ada-4083-9fe7-dc7874404fde,WodoStateHaz,1,147,0.0283472,,2023-10-17T08:12:32.0,2023-10-17T08:12:32.0
Segment Start,5236210924,2023-10-17T07:30:00.0,9e080037-7ada-4083-9fe7-dc7874404fde,WodoStateHaz,1,98,0.0,,2023-10-17T08:08:49.0,2023-10-17T08:08:49.0
Segment End,5236210924,2023-10-17T07:30:00.0,9e080037-7ada-4083-9fe7-dc7874404fde,WodoStateHaz,1,99,0.0116448,,2023-10-17T08:08:50.0,2023-10-17T08:08:50.0
Segment Start,5236111772,2023-10-17T07:30:00.0,9e080037-7ada-4083-9fe7-dc7874404fde,WodoStateHaz,1,74,0.0,,2023-10-17T08:06:36.0,2023-10-17T08:06:36.0
Segment End,5236111772,2023-10-17T07:30:00.0,9e080037-7ada-4083-9fe7-dc7874404fde,WodoStateHaz,1,75,0.0302944,,2023-10-17T08:06:38.0,2023-10-17T08:06:38.0
Segment Start,5236110330,2023-10-17T07:30:00.0,9e080037-7ada-4083-9fe7-dc7874404fde,WodoStateHaz,1,110,0.02,,2023-10-17T08:09:43.0,2023-10-17T08:09:43.0
Segment End,5236110330,2023-10-17T07:30:00.0,9e080037-7ada-4083-9fe7-dc7874404fde,WodoStateHaz,1,111,0.0266572,,2023-10-17T08:09:45.0,2023-10-17T08:09:45.0
Segment Start,5218207701,2023-10-17T07:30:00.0,9e080037-7ada-4083-9fe7-dc7874404fde,WodoStateHaz,1,180,0.0,,2023-10-17T08:15:49.0,2023-10-17T08:15:49.0
Segment End,5218207701,2023-10-17T07:30:00.0,9e080037-7ada-4083-9fe7-dc7874404fde,WodoStateHaz,1,181,0.0387572,,2023-10-17T08:15:53.0,2023-10-17T08:15:53.0
Segment Start,8065207496,2023-10-17T07:30:00.0,9e080037-7ada-4083-9fe7-dc7874404fde,WodoStateHaz,1,2,4.16,,2023-10-17T07:34:11.0,2023-10-17T07:34:11.0
Segment End,8065207496,2023-10-17T07:30:00.0,9e080037-7ada-4083-9fe7-dc7874404fde,WodoStateHaz,1,3,0.0352984,,2023-10-17T07:34:15.0,2023-10-17T07:34:15.0
Segment Start,5236207286,2023-10-17T07:30:00.0,9e080037-7ada-4083-9fe7-dc7874404fde,WodoStateHaz,1,202,0.0,,2023-10-17T08:18:01.0,2023-10-17T08:18:01.0
Segment End,5236207286,2023-10-17T07:30:00.0,9e080037-7ada-4083-9fe7-dc7874404fde,WodoStateHaz,1,203,0.1096342,,2023-10-17T08:18:10.0,2023-10-17T08:18:10.0
Segment Start,5510007028,2023-10-17T07:30:00.0,9e080037-7ada-4083-9fe7-dc7874404fde,WodoStateHaz,1,14,0.0,,2023-10-17T07:35:40.0,2023-10-17T07:35:40.0
Segment End,5510007028,2023-10-17T07:30:00.0,9e080037-7ada-4083-9fe7-dc7874404fde,WodoStateHaz,1,15,0.13851449999999998,,2023-10-17T07:35:52.0,2023-10-17T07:35:52.0
Segment Start,5510006964,2023-10-17T07:30:00.0,9e080037-7ada-4083-9fe7-dc7874404fde,WodoStateHaz,1,16,0.0,,2023-10-17T07:35:52.0,2023-10-17T07:35:52.0
Segment End,5510006964,2023-10-17T07:30:00.0,9e080037-7ada-4083-9fe7-dc7874404fde,WodoStateHaz,1,17,0.6392220999999999,,2023-10-17T07:36:50.0,2023-10-17T07:36:50.0
Segment Start,5236109139,2023-10-17T07:30:00.0,9e080037-7ada-4083-9fe7-dc7874404fde,WodoStateHaz,1,126,0.0,,2023-10-17T08:11:23.0,2023-10-17T08:11:23.0
Segment End,5236109139,2023-10-17T07:30:00.0,9e080037-7ada-4083-9fe7-dc7874404fde,WodoStateHaz,1,127,0.0247969,,2023-10-17T08:11:25.0,2023-10-17T08:11:25.0
Segment Start,5236211077,2023-10-17T07:30:00.0,9e080037-7ada-4083-9fe7-dc7874404fde,WodoStateHaz,1,96,0.0,,2023-10-17T08:08:37.0,2023-10-17T08:08:37.0
Segment End,5236211077,2023-10-17T07:30:00.0,9e080037-7ada-4083-9fe7-dc7874404fde,WodoStateHaz,1,97,0.1343059,,2023-10-17T08:08:49.0,2023-10-17T08:08:49.0
Segment Start,5236110343,2023-10-17T07:30:00.0,9e080037-7ada-4083-9fe7-dc7874404fde,WodoStateHaz,1,104,0.0,,2023-10-17T08:09:32.0,2023-10-17T08:09:32.0
Segment End,5236110343,2023-10-17T07:30:00.0,9e080037-7ada-4083-9fe7-dc7874404fde,WodoStateHaz,1,105,0.024946799999999998,,2023-10-17T08:09:34.0,2023-10-17T08:09:34.0
Segment Start,5510106685,2023-10-17T07:30:00.0,9e080037-7ada-4083-9fe7-dc7874404fde,WodoStateHaz,1,32,0.0,,2023-10-17T07:40:23.0,2023-10-17T07:40:23.0
Segment End,5510106685,2023-10-17T07:30:00.0,9e080037-7ada-4083-9fe7-dc7874404fde,WodoStateHaz,1,33,0.14029660000000002,,2023-10-17T07:40:35.0,2023-10-17T07:40:35.0
Segment Start,8065207603,2023-10-17T07:30:00.0,9e080037-7ada-4083-9fe7-dc7874404fde,WodoStateHaz,1,54,0.32,,2023-10-17T07:44:52.0,2023-10-17T07:44:52.0
Segment End,8065207603,2023-10-17T07:30:00.0,9e080037-7ada-4083-9fe7-dc7874404fde,WodoStateHaz,1,55,0.0712513,,2023-10-17T07:44:59.0,2023-10-17T07:44:59.0
Segment Start,5236209098,2023-10-17T07:30:00.0,9e080037-7ada-4083-9fe7-dc7874404fde,WodoStateHaz,1,134,0.0,,2023-10-17T08:11:39.0,2023-10-17T08:11:39.0
Segment End,5236209098,2023-10-17T07:30:00.0,9e080037-7ada-4083-9fe7-dc7874404fde,WodoStateHaz,1,135,0.1115723,,2023-10-17T08:11:49.0,2023-10-17T08:11:49.0
Segment Start,5236209337,2023-10-17T07:30:00.0,9e080037-7ada-4083-9fe7-dc7874404fde,WodoStateHaz,1,124,0.0,,2023-10-17T08:11:07.0,2023-10-17T08:11:07.0
Segment End,5236209337,2023-10-17T07:30:00.0,9e080037-7ada-4083-9fe7-dc7874404fde,WodoStateHaz,1,125,0.1730345,,2023-10-17T08:11:23.0,2023-10-17T08:11:23.0
Segment Start,5510006634,2023-10-17T07:30:00.0,9e080037-7ada-4083-9fe7-dc7874404fde,WodoStateHaz,1,22,0.0,,2023-10-17T07:37:30.0,2023-10-17T07:37:30.0
Segment End,5510006634,2023-10-17T07:30:00.0,9e080037-7ada-4083-9fe7-dc7874404fde,WodoStateHaz,1,23,0.0694952,,2023-10-17T07:37:36.0,2023-10-17T07:37:36.0
Segment Start,5510007424,2023-10-17T07:30:00.0,9e080037-7ada-4083-9fe7-dc7874404fde,WodoStateHaz,1,6,0.0,,2023-10-17T07:34:21.0,2023-10-17T07:34:21.0
Segment End,5510007424,2023-10-17T07:30:00.0,9e080037-7ada-4083-9fe7-dc7874404fde,WodoStateHaz,1,7,0.1659052,,2023-10-17T07:34:36.0,2023-10-17T07:34:36.0
Segment Start,8066207466,2023-10-17T07:30:00.0,9e080037-7ada-4083-9fe7-dc7874404fde,WodoStateHaz,1,64,0.0,,2023-10-17T07:52:05.0,2023-10-17T07:52:05.0
Segment End,8066207466,2023-10-17T07:30:00.0,9e080037-7ada-4083-9fe7-dc7874404fde,WodoStateHaz,1,65,0.0228979,,2023-10-17T07:52:07.0,2023-10-17T07:52:07.0
Segment Start,5236209111,2023-10-17T07:30:00.0,9e080037-7ada-4083-9fe7-dc7874404fde,WodoStateHaz,1,130,0.0,,2023-10-17T08:11:31.0,2023-10-17T08:11:31.0
Segment End,5236209111,2023-10-17T07:30:00.0,9e080037-7ada-4083-9fe7-dc7874404fde,WodoStateHaz,1,131,0.0354956,,2023-10-17T08:11:34.0,2023-10-17T08:11:34.0
Segment Start,5510107031,2023-10-17T07:30:00.0,9e080037-7ada-4083-9fe7-dc7874404fde,WodoStateHaz,1,42,0.0,,2023-10-17T07:42:03.0,2023-10-17T07:42:03.0
Segment End,5510107031,2023-10-17T07:30:00.0,9e080037-7ada-4083-9fe7-dc7874404fde,WodoStateHaz,1,43,0.1439438,,2023-10-17T07:42:16.0,2023-10-17T07:42:16.0
Segment Start,5236211371,2023-10-17T07:30:00.0,9e080037-7ada-4083-9fe7-dc7874404fde,WodoStateHaz,1,92,0.0,,2023-10-17T08:07:55.0,2023-10-17T08:07:55.0
Segment End,5236211371,2023-10-17T07:30:00.0,9e080037-7ada-4083-9fe7-dc7874404fde,WodoStateHaz,1,93,0.29374439999999996,,2023-10-17T08:08:22.0,2023-10-17T08:08:22.0
Segment Start,5236211393,2023-10-17T07:30:00.0,9e080037-7ada-4083-9fe7-dc7874404fde,WodoStateHaz,1,90,0.0,,2023-10-17T08:07:51.0,2023-10-17T08:07:51.0
Segment End,5236211393,2023-10-17T07:30:00.0,9e080037-7ada-4083-9fe7-dc7874404fde,WodoStateHaz,1,91,0.0542632,,2023-10-17T08:07:55.0,2023-10-17T08:07:55.0
Segment Start,5236210282,2023-10-17T07:30:00.0,9e080037-7ada-4083-9fe7-dc7874404fde,WodoStateHaz,1,112,0.0,,2023-10-17T08:09:45.0,2023-10-17T08:09:45.0
Segment End,5236210282,2023-10-17T07:30:00.0,9e080037-7ada-4083-9fe7-dc7874404fde,WodoStateHaz,1,113,0.1474219,,2023-10-17T08:09:58.0,2023-10-17T08:09:58.0
Segment Start,5236208806,2023-10-17T07:30:00.0,9e080037-7ada-4083-9fe7-dc7874404fde,WodoStateHaz,1,140,0.0,,2023-10-17T08:12:04.0,2023-10-17T08:12:04.0
Segment End,5236208806,2023-10-17T07:30:00.0,9e080037-7ada-4083-9fe7-dc7874404fde,WodoStateHaz,1,141,0.1020245,,2023-10-17T08:12:13.0,2023-10-17T08:12:13.0
Segment Start,5236211528,2023-10-17T07:30:00.0,9e080037-7ada-4083-9fe7-dc7874404fde,WodoStateHaz,1,88,0.0,,2023-10-17T08:07:31.0,2023-10-17T08:07:31.0
Segment End,5236211528,2023-10-17T07:30:00.0,9e080037-7ada-4083-9fe7-dc7874404fde,WodoStateHaz,1,89,0.21536170000000002,,2023-10-17T08:07:51.0,2023-10-17T08:07:51.0
Segment Start,5236209136,2023-10-17T07:30:00.0,9e080037-7ada-4083-9fe7-dc7874404fde,WodoStateHaz,1,128,0.03,,2023-10-17T08:11:29.0,2023-10-17T08:11:29.0
Segment End,5236209136,2023-10-17T07:30:00.0,9e080037-7ada-4083-9fe7-dc7874404fde,WodoStateHaz,1,129,0.013676500000000001,,2023-10-17T08:11:31.0,2023-10-17T08:11:31.0
Segment Start,5510107392,2023-10-17T07:30:00.0,9e080037-7ada-4083-9fe7-dc7874404fde,WodoStateHaz,1,50,0.0,,2023-10-17T07:43:04.0,2023-10-17T07:43:04.0
Segment End,5510107392,2023-10-17T07:30:00.0,9e080037-7ada-4083-9fe7-dc7874404fde,WodoStateHaz,1,51,0.2889054,,2023-10-17T07:43:30.0,2023-10-17T07:43:30.0
Segment Start,5218207815,2023-10-17T07:30:00.0,9e080037-7ada-4083-9fe7-dc7874404fde,WodoStateHaz,1,184,0.0,,2023-10-17T08:16:14.0,2023-10-17T08:16:14.0
Segment End,5218207815,2023-10-17T07:30:00.0,9e080037-7ada-4083-9fe7-dc7874404fde,WodoStateHaz,1,185,0.0638898,,2023-10-17T08:16:20.0,2023-10-17T08:16:20.0
Segment Start,5510106937,2023-10-17T07:30:00.0,9e080037-7ada-4083-9fe7-dc7874404fde,WodoStateHaz,1,38,0.0,,2023-10-17T07:41:21.0,2023-10-17T07:41:21.0
Segment End,5510106937,2023-10-17T07:30:00.0,9e080037-7ada-4083-9fe7-dc7874404fde,WodoStateHaz,1,39,0.3646882,,2023-10-17T07:41:54.0,2023-10-17T07:41:54.0
Segment Start,5510106607,2023-10-17T07:30:00.0,9e080037-7ada-4083-9fe7-dc7874404fde,WodoStateHaz,1,26,1.43,,2023-10-17T07:40:02.0,2023-10-17T07:40:02.0
Segment End,5510106607,2023-10-17T07:30:00.0,9e080037-7ada-4083-9fe7-dc7874404fde,WodoStateHaz,1,27,0.032028799999999996,,2023-10-17T07:40:05.0,2023-10-17T07:40:05.0
Segment Start,5236210895,2023-10-17T07:30:00.0,9e080037-7ada-4083-9fe7-dc7874404fde,WodoStateHaz,1,100,0.0,,2023-10-17T08:08:50.0,2023-10-17T08:08:50.0
Segment End,5236210895,2023-10-17T07:30:00.0,9e080037-7ada-4083-9fe7-dc7874404fde,WodoStateHaz,1,101,0.0999226,,2023-10-17T08:08:59.0,2023-10-17T08:08:59.0
Segment Start,5218107565,2023-10-17T07:30:00.0,9e080037-7ada-4083-9fe7-dc7874404fde,WodoStateHaz,1,170,0.0,,2023-10-17T08:14:38.0,2023-10-17T08:14:38.0
Segment End,5218107565,2023-10-17T07:30:00.0,9e080037-7ada-4083-9fe7-dc7874404fde,WodoStateHaz,1,171,0.015909,,2023-10-17T08:14:39.0,2023-10-17T08:14:39.0
Segment Start,5236208323,2023-10-17T07:30:00.0,9e080037-7ada-4083-9fe7-dc7874404fde,WodoStateHaz,1,156,0.0,,2023-10-17T08:13:06.0,2023-10-17T08:13:06.0
Segment End,5236208323,2023-10-17T07:30:00.0,9e080037-7ada-4083-9fe7-dc7874404fde,WodoStateHaz,1,157,0.0842476,,2023-10-17T08:13:13.0,2023-10-17T08:13:13.0
Segment Start,5510106616,2023-10-17T07:30:00.0,9e080037-7ada-4083-9fe7-dc7874404fde,WodoStateHaz,1,28,0.0,,2023-10-17T07:40:05.0,2023-10-17T07:40:05.0
Segment End,5510106616,2023-10-17T07:30:00.0,9e080037-7ada-4083-9fe7-dc7874404fde,WodoStateHaz,1,29,0.14344110000000002,,2023-10-17T07:40:18.0,2023-10-17T07:40:18.0
Segment Start,5218007547,2023-10-17T07:30:00.0,9e080037-7ada-4083-9fe7-dc7874404fde,WodoStateHaz,1,174,0.03,,2023-10-17T08:15:15.0,2023-10-17T08:15:15.0
Segment End,5218007547,2023-10-17T07:30:00.0,9e080037-7ada-4083-9fe7-dc7874404fde,WodoStateHaz,1,175,0.1106925,,2023-10-17T08:15:25.0,2023-10-17T08:15:25.0
Segment Start,5236207919,2023-10-17T07:30:00.0,9e080037-7ada-4083-9fe7-dc7874404fde,WodoStateHaz,1,164,0.0,,2023-10-17T08:13:41.0,2023-10-17T08:13:41.0
Segment End,5236207919,2023-10-17T07:30:00.0,9e080037-7ada-4083-9fe7-dc7874404fde,WodoStateHaz,1,165,0.10204099999999999,,2023-10-17T08:13:50.0,2023-10-17T08:13:50.0
Segment Start,5236107848,2023-10-17T07:30:00.0,9e080037-7ada-4083-9fe7-dc7874404fde,WodoStateHaz,1,188,0.07,,2023-10-17T08:16:39.0,2023-10-17T08:16:39.0
Segment End,5236107848,2023-10-17T07:30:00.0,9e080037-7ada-4083-9fe7-dc7874404fde,WodoStateHaz,1,189,0.0159467,,2023-10-17T08:16:40.0,2023-10-17T08:16:40.0
Segment Start,8015207493,2023-10-17T07:30:00.0,9e080037-7ada-4083-9fe7-dc7874404fde,WodoStateHaz,1,58,0.03,,2023-10-17T07:45:17.0,2023-10-17T07:45:17.0
Segment End,8015207493,2023-10-17T07:30:00.0,9e080037-7ada-4083-9fe7-dc7874404fde,WodoStateHaz,1,59,0.5070562,,2023-10-17T07:46:02.0,2023-10-17T07:46:02.0
Segment Start,5510007204,2023-10-17T07:30:00.0,9e080037-7ada-4083-9fe7-dc7874404fde,WodoStateHaz,1,10,0.0,,2023-10-17T07:34:53.0,2023-10-17T07:34:53.0
Segment End,5510007204,2023-10-17T07:30:00.0,9e080037-7ada-4083-9fe7-dc7874404fde,WodoStateHaz,1,11,0.1142055,,2023-10-17T07:35:03.0,2023-10-17T07:35:03.0
Segment Start,5236208495,2023-10-17T07:30:00.0,9e080037-7ada-4083-9fe7-dc7874404fde,WodoStateHaz,1,154,0.0,,2023-10-17T08:12:46.0,2023-10-17T08:12:46.0
Segment End,5236208495,2023-10-17T07:30:00.0,9e080037-7ada-4083-9fe7-dc7874404fde,WodoStateHaz,1,155,0.22264009999999998,,2023-10-17T08:13:06.0,2023-10-17T08:13:06.0
Segment Start,5236207346,2023-10-17T07:30:00.0,9e080037-7ada-4083-9fe7-dc7874404fde,WodoStateHaz,1,200,0.0,,2023-10-17T08:17:52.0,2023-10-17T08:17:52.0
Segment End,5236207346,2023-10-17T07:30:00.0,9e080037-7ada-4083-9fe7-dc7874404fde,WodoStateHaz,1,201,0.09203180000000001,,2023-10-17T08:18:01.0,2023-10-17T08:18:01.0
Segment Start,5218207795,2023-10-17T07:30:00.0,9e080037-7ada-4083-9fe7-dc7874404fde,WodoStateHaz,1,182,0.0,,2023-10-17T08:15:53.0,2023-10-17T08:15:53.0
Segment End,5218207795,2023-10-17T07:30:00.0,9e080037-7ada-4083-9fe7-dc7874404fde,WodoStateHaz,1,183,0.2395894,,2023-10-17T08:16:14.0,2023-10-17T08:16:14.0
Segment Start,5236007391,2023-10-17T07:30:00.0,9e080037-7ada-4083-9fe7-dc7874404fde,WodoStateHaz,1,210,0.41,,2023-10-17T08:18:53.0,2023-10-17T08:18:53.0
Segment End,5236007391,2023-10-17T07:30:00.0,9e080037-7ada-4083-9fe7-dc7874404fde,WodoStateHaz,1,211,0.027569800000000002,,2023-10-17T08:18:56.0,2023-10-17T08:18:56.0
Segment Start,5236211765,2023-10-17T07:30:00.0,9e080037-7ada-4083-9fe7-dc7874404fde,WodoStateHaz,1,80,0.0,,2023-10-17T08:06:48.0,2023-10-17T08:06:48.0
Segment End,5236211765,2023-10-17T07:30:00.0,9e080037-7ada-4083-9fe7-dc7874404fde,WodoStateHaz,1,81,0.0195928,,2023-10-17T08:06:50.0,2023-10-17T08:06:50.0
Segment Start,5236109118,2023-10-17T07:30:00.0,9e080037-7ada-4083-9fe7-dc7874404fde,WodoStateHaz,1,132,0.03,,2023-10-17T08:11:37.0,2023-10-17T08:11:37.0
Segment End,5236109118,2023-10-17T07:30:00.0,9e080037-7ada-4083-9fe7-dc7874404fde,WodoStateHaz,1,133,0.0257678,,2023-10-17T08:11:39.0,2023-10-17T08:11:39.0
Segment Start,5236107371,2023-10-17T07:30:00.0,9e080037-7ada-4083-9fe7-dc7874404fde,WodoStateHaz,1,198,0.03,,2023-10-17T08:17:50.0,2023-10-17T08:17:50.0
Segment End,5236107371,2023-10-17T07:30:00.0,9e080037-7ada-4083-9fe7-dc7874404fde,WodoStateHaz,1,199,0.030604500000000003,,2023-10-17T08:17:52.0,2023-10-17T08:17:52.0
Segment Start,5236207186,2023-10-17T07:30:00.0,9e080037-7ada-4083-9fe7-dc7874404fde,WodoStateHaz,1,208,0.0,,2023-10-17T08:18:19.0,2023-10-17T08:18:19.0
Segment End,5236207186,2023-10-17T07:30:00.0,9e080037-7ada-4083-9fe7-dc7874404fde,WodoStateHaz,1,209,0.0471226,,2023-10-17T08:18:23.0,2023-10-17T08:18:23.0
Segment Start,5236107393,2023-10-17T07:30:00.0,9e080037-7ada-4083-9fe7-dc7874404fde,WodoStateHaz,1,194,0.0,,2023-10-17T08:17:36.0,2023-10-17T08:17:36.0
Segment End,5236107393,2023-10-17T07:30:00.0,9e080037-7ada-4083-9fe7-dc7874404fde,WodoStateHaz,1,195,0.0296533,,2023-10-17T08:17:39.0,2023-10-17T08:17:39.0
Segment Start,5236111758,2023-10-17T07:30:00.0,9e080037-7ada-4083-9fe7-dc7874404fde,WodoStateHaz,1,76,0.0,,2023-10-17T08:06:38.0,2023-10-17T08:06:38.0
Segment End,5236111758,2023-10-17T07:30:00.0,9e080037-7ada-4083-9fe7-dc7874404fde,WodoStateHaz,1,77,0.0246171,,2023-10-17T08:06:40.0,2023-10-17T08:06:40.0
Segment Start,5236211773,2023-10-17T07:30:00.0,9e080037-7ada-4083-9fe7-dc7874404fde,WodoStateHaz,1,78,0.05,,2023-10-17T08:06:45.0,2023-10-17T08:06:45.0
Segment End,5236211773,2023-10-17T07:30:00.0,9e080037-7ada-4083-9fe7-dc7874404fde,WodoStateHaz,1,79,0.0299075,,2023-10-17T08:06:48.0,2023-10-17T08:06:48.0
Segment Start,5236107841,2023-10-17T07:30:00.0,9e080037-7ada-4083-9fe7-dc7874404fde,WodoStateHaz,1,190,0.0,,2023-10-17T08:16:40.0,2023-10-17T08:16:40.0
Segment End,5236107841,2023-10-17T07:30:00.0,9e080037-7ada-4083-9fe7-dc7874404fde,WodoStateHaz,1,191,0.0333775,,2023-10-17T08:16:43.0,2023-10-17T08:16:43.0
Segment Start,5236007366,2023-10-17T07:30:00.0,9e080037-7ada-4083-9fe7-dc7874404fde,WodoStateHaz,1,196,0.06,,2023-10-17T08:17:44.0,2023-10-17T08:17:44.0
Segment End,5236007366,2023-10-17T07:30:00.0,9e080037-7ada-4083-9fe7-dc7874404fde,WodoStateHaz,1,197,0.0324946,,2023-10-17T08:17:47.0,2023-10-17T08:17:47.0
Segment Start,5510006649,2023-10-17T07:30:00.0,9e080037-7ada-4083-9fe7-dc7874404fde,WodoStateHaz,1,20,0.0,,2023-10-17T07:37:27.0,2023-10-17T07:37:27.0
Segment End,5510006649,2023-10-17T07:30:00.0,9e080037-7ada-4083-9fe7-dc7874404fde,WodoStateHaz,1,21,0.0361633,,2023-10-17T07:37:30.0,2023-10-17T07:37:30.0
Segment Start,5236210309,2023-10-17T07:30:00.0,9e080037-7ada-4083-9fe7-dc7874404fde,WodoStateHaz,1,108,0.0,,2023-10-17T08:09:38.0,2023-10-17T08:09:38.0
Segment End,5236210309,2023-10-17T07:30:00.0,9e080037-7ada-4083-9fe7-dc7874404fde,WodoStateHaz,1,109,0.0378857,,2023-10-17T08:09:41.0,2023-10-17T08:09:41.0
Segment Start,5236207959,2023-10-17T07:30:00.0,9e080037-7ada-4083-9fe7-dc7874404fde,WodoStateHaz,1,162,0.0,,2023-10-17T08:13:37.0,2023-10-17T08:13:37.0
Segment End,5236207959,2023-10-17T07:30:00.0,9e080037-7ada-4083-9fe7-dc7874404fde,WodoStateHaz,1,163,0.0381675,,2023-10-17T08:13:41.0,2023-10-17T08:13:41.0
Segment Start,5218107573,2023-10-17T07:30:00.0,9e080037-7ada-4083-9fe7-dc7874404fde,WodoStateHaz,1,168,0.0,,2023-10-17T08:14:36.0,2023-10-17T08:14:36.0
Segment End,5218107573,2023-10-17T07:30:00.0,9e080037-7ada-4083-9fe7-dc7874404fde,WodoStateHaz,1,169,0.0192409,,2023-10-17T08:14:38.0,2023-10-17T08:14:38.0
Segment Start,5236208888,2023-10-17T07:30:00.0,9e080037-7ada-4083-9fe7-dc7874404fde,WodoStateHaz,1,138,0.0,,2023-10-17T08:11:58.0,2023-10-17T08:11:58.0
Segment End,5236208888,2023-10-17T07:30:00.0,9e080037-7ada-4083-9fe7-dc7874404fde,WodoStateHaz,1,139,0.0694179,,2023-10-17T08:12:04.0,2023-10-17T08:12:04.0
Segment Start,5510007474,2023-10-17T07:30:00.0,9e080037-7ada-4083-9fe7-dc7874404fde,WodoStateHaz,1,4,0.0,,2023-10-17T07:34:15.0,2023-10-17T07:34:15.0
Segment End,5510007474,2023-10-17T07:30:00.0,9e080037-7ada-4083-9fe7-dc7874404fde,WodoStateHaz,1,5,0.0740916,,2023-10-17T07:34:21.0,2023-10-17T07:34:21.0
Segment Start,5510106837,2023-10-17T07:30:00.0,9e080037-7ada-4083-9fe7-dc7874404fde,WodoStateHaz,1,36,0.0,,2023-10-17T07:41:04.0,2023-10-17T07:41:04.0
Segment End,5510106837,2023-10-17T07:30:00.0,9e080037-7ada-4083-9fe7-dc7874404fde,WodoStateHaz,1,37,0.1948382,,2023-10-17T07:41:21.0,2023-10-17T07:41:21.0
Segment Start,5236211717,2023-10-17T07:30:00.0,9e080037-7ada-4083-9fe7-dc7874404fde,WodoStateHaz,1,84,0.0,,2023-10-17T08:06:58.0,2023-10-17T08:06:58.0
Segment End,5236211717,2023-10-17T07:30:00.0,9e080037-7ada-4083-9fe7-dc7874404fde,WodoStateHaz,1,85,0.30770549999999997,,2023-10-17T08:07:26.0,2023-10-17T08:07:26.0
Segment Start,5218107684,2023-10-17T07:30:00.0,9e080037-7ada-4083-9fe7-dc7874404fde,WodoStateHaz,1,166,0.37,,2023-10-17T08:14:15.0,2023-10-17T08:14:15.0
Segment End,5218107684,2023-10-17T07:30:00.0,9e080037-7ada-4083-9fe7-dc7874404fde,WodoStateHaz,1,167,0.2327439,,2023-10-17T08:14:36.0,2023-10-17T08:14:36.0
Segment Start,5236208997,2023-10-17T07:30:00.0,9e080037-7ada-4083-9fe7-dc7874404fde,WodoStateHaz,1,136,0.0,,2023-10-17T08:11:49.0,2023-10-17T08:11:49.0
Segment End,5236208997,2023-10-17T07:30:00.0,9e080037-7ada-4083-9fe7-dc7874404fde,WodoStateHaz,1,137,0.0973845,,2023-10-17T08:11:58.0,2023-10-17T08:11:58.0
Segment Start,5236211197,2023-10-17T07:30:00.0,9e080037-7ada-4083-9fe7-dc7874404fde,WodoStateHaz,1,94,0.0,,2023-10-17T08:08:22.0,2023-10-17T08:08:22.0
Segment End,5236211197,2023-10-17T07:30:00.0,9e080037-7ada-4083-9fe7-dc7874404fde,WodoStateHaz,1,95,0.1691885,,2023-10-17T08:08:37.0,2023-10-17T08:08:37.0
Segment Start,5236108518,2023-10-17T07:30:00.0,9e080037-7ada-4083-9fe7-dc7874404fde,WodoStateHaz,1,152,0.03,,2023-10-17T08:12:43.0,2023-10-17T08:12:43.0
Segment End,5236108518,2023-10-17T07:30:00.0,9e080037-7ada-4083-9fe7-dc7874404fde,WodoStateHaz,1,153,0.0291997,,2023-10-17T08:12:46.0,2023-10-17T08:12:46.0
Segment Start,5236207228,2023-10-17T07:30:00.0,9e080037-7ada-4083-9fe7-dc7874404fde,WodoStateHaz,1,204,0.0,,2023-10-17T08:18:10.0,2023-10-17T08:18:10.0
Segment End,5236207228,2023-10-17T07:30:00.0,9e080037-7ada-4083-9fe7-dc7874404fde,WodoStateHaz,1,205,0.025188500000000003,,2023-10-17T08:18:13.0,2023-10-17T08:18:13.0
Segment Start,5236210100,2023-10-17T07:30:00.0,9e080037-7ada-4083-9fe7-dc7874404fde,WodoStateHaz,1,116,0.0,,2023-10-17T08:10:02.0,2023-10-17T08:10:02.0
Segment End,5236210100,2023-10-17T07:30:00.0,9e080037-7ada-4083-9fe7-dc7874404fde,WodoStateHaz,1,117,0.30117889999999997,,2023-10-17T08:10:30.0,2023-10-17T08:10:30.0
Segment Start,5236207810,2023-10-17T07:30:00.0,9e080037-7ada-4083-9fe7-dc7874404fde,WodoStateHaz,1,192,0.0,,2023-10-17T08:16:43.0,2023-10-17T08:16:43.0
Segment End,5236207810,2023-10-17T07:30:00.0,9e080037-7ada-4083-9fe7-dc7874404fde,WodoStateHaz,1,193,0.5898462,,2023-10-17T08:17:36.0,2023-10-17T08:17:36.0
Segment Start,5510107462,2023-10-17T07:30:00.0,9e080037-7ada-4083-9fe7-dc7874404fde,WodoStateHaz,1,52,0.0,,2023-10-17T07:43:30.0,2023-10-17T07:43:30.0
Segment End,5510107462,2023-10-17T07:30:00.0,9e080037-7ada-4083-9fe7-dc7874404fde,WodoStateHaz,1,53,0.0973865,,2023-10-17T07:43:39.0,2023-10-17T07:43:39.0
Segment Start,5510107127,2023-10-17T07:30:00.0,9e080037-7ada-4083-9fe7-dc7874404fde,WodoStateHaz,1,44,0.0,,2023-10-17T07:42:16.0,2023-10-17T07:42:16.0
Segment End,5510107127,2023-10-17T07:30:00.0,9e080037-7ada-4083-9fe7-dc7874404fde,WodoStateHaz,1,45,0.27075439999999995,,2023-10-17T07:42:40.0,2023-10-17T07:42:40.0
Segment Start,5218107556,2023-10-17T07:30:00.0,9e080037-7ada-4083-9fe7-dc7874404fde,WodoStateHaz,1,172,0.0,,2023-10-17T08:14:39.0,2023-10-17T08:14:39.0
Segment End,5218107556,2023-10-17T07:30:00.0,9e080037-7ada-4083-9fe7-dc7874404fde,WodoStateHaz,1,173,0.1090637,,2023-10-17T08:14:49.0,2023-10-17T08:14:49.0
Segment Start,5236212180,2023-10-17T07:30:00.0,9e080037-7ada-4083-9fe7-dc7874404fde,WodoStateHaz,1,68,4.07,,2023-10-17T08:05:14.0,2023-10-17T08:05:14.0
Segment End,5236212180,2023-10-17T07:30:00.0,9e080037-7ada-4083-9fe7-dc7874404fde,WodoStateHaz,1,69,0.15972909999999998,,2023-10-17T08:05:28.0,2023-10-17T08:05:28.0
Segment Start,5236209585,2023-10-17T07:30:00.0,9e080037-7ada-4083-9fe7-dc7874404fde,WodoStateHaz,1,122,0.0,,2023-10-17T08:10:46.0,2023-10-17T08:10:46.0
Segment End,5236209585,2023-10-17T07:30:00.0,9e080037-7ada-4083-9fe7-dc7874404fde,WodoStateHaz,1,123,0.23391499999999998,,2023-10-17T08:11:07.0,2023-10-17T08:11:07.0
Segment Start,5510007172,2023-10-17T07:30:00.0,9e080037-7ada-4083-9fe7-dc7874404fde,WodoStateHaz,1,12,0.0,,2023-10-17T07:35:03.0,2023-10-17T07:35:03.0
Segment End,5510007172,2023-10-17T07:30:00.0,9e080037-7ada-4083-9fe7-dc7874404fde,WodoStateHaz,1,13,0.41169049999999996,,2023-10-17T07:35:40.0,2023-10-17T07:35:40.0
Segment Start,5236209803,2023-10-17T07:30:00.0,9e080037-7ada-4083-9fe7-dc7874404fde,WodoStateHaz,1,118,0.0,,2023-10-17T08:10:30.0,2023-10-17T08:10:30.0
Segment End,5236209803,2023-10-17T07:30:00.0,9e080037-7ada-4083-9fe7-dc7874404fde,WodoStateHaz,1,119,0.059517600000000004,,2023-10-17T08:10:35.0,2023-10-17T08:10:35.0
Segment Start,5236210120,2023-10-17T07:30:00.0,9e080037-7ada-4083-9fe7-dc7874404fde,WodoStateHaz,1,114,0.0,,2023-10-17T08:09:58.0,2023-10-17T08:09:58.0
Segment End,5236210120,2023-10-17T07:30:00.0,9e080037-7ada-4083-9fe7-dc7874404fde,WodoStateHaz,1,115,0.0446045,,2023-10-17T08:10:02.0,2023-10-17T08:10:02.0
Segment Start,5236208704,2023-10-17T07:30:00.0,9e080037-7ada-4083-9fe7-dc7874404fde,WodoStateHaz,1,142,0.0,,2023-10-17T08:12:13.0,2023-10-17T08:12:13.0
Segment End,5236208704,2023-10-17T07:30:00.0,9e080037-7ada-4083-9fe7-dc7874404fde,WodoStateHaz,1,143,0.0991699,,2023-10-17T08:12:22.0,2023-10-17T08:12:22.0
Segment Start,5236210341,2023-10-17T07:30:00.0,9e080037-7ada-4083-9fe7-dc7874404fde,WodoStateHaz,1,106,0.03,,2023-10-17T08:09:37.0,2023-10-17T08:09:37.0
Segment End,5236210341,2023-10-17T07:30:00.0,9e080037-7ada-4083-9fe7-dc7874404fde,WodoStateHaz,1,107,0.0079483,,2023-10-17T08:09:38.0,2023-10-17T08:09:38.0
Segment Start,5236210754,2023-10-17T07:30:00.0,9e080037-7ada-4083-9fe7-dc7874404fde,WodoStateHaz,1,102,0.0,,2023-10-17T08:08:59.0,2023-10-17T08:08:59.0
Segment End,5236210754,2023-10-17T07:30:00.0,9e080037-7ada-4083-9fe7-dc7874404fde,WodoStateHaz,1,103,0.3602536,,2023-10-17T08:09:32.0,2023-10-17T08:09:32.0
Segment Start,5510107216,2023-10-17T07:30:00.0,9e080037-7ada-4083-9fe7-dc7874404fde,WodoStateHaz,1,48,0.0,,2023-10-17T07:42:54.0,2023-10-17T07:42:54.0
Segment End,5510107216,2023-10-17T07:30:00.0,9e080037-7ada-4083-9fe7-dc7874404fde,WodoStateHaz,1,49,0.1117594,,2023-10-17T07:43:04.0,2023-10-17T07:43:04.0
Segment Start,5236211999,2023-10-17T07:30:00.0,9e080037-7ada-4083-9fe7-dc7874404fde,WodoStateHaz,1,72,0.0,,2023-10-17T08:05:55.0,2023-10-17T08:05:55.0
Segment End,5236211999,2023-10-17T07:30:00.0,9e080037-7ada-4083-9fe7-dc7874404fde,WodoStateHaz,1,73,0.456021,,2023-10-17T08:06:36.0,2023-10-17T08:06:36.0
Segment Start,5236208038,2023-10-17T07:30:00.0,9e080037-7ada-4083-9fe7-dc7874404fde,WodoStateHaz,1,160,0.0,,2023-10-17T08:13:29.0,2023-10-17T08:13:29.0
Segment End,5236208038,2023-10-17T07:30:00.0,9e080037-7ada-4083-9fe7-dc7874404fde,WodoStateHaz,1,161,0.0894341,,2023-10-17T08:13:37.0,2023-10-17T08:13:37.0
Segment Start,5236207846,2023-10-17T07:30:00.0,9e080037-7ada-4083-9fe7-dc7874404fde,WodoStateHaz,1,186,0.08,,2023-10-17T08:16:28.0,2023-10-17T08:16:28.0
Segment End,5236207846,2023-10-17T07:30:00.0,9e080037-7ada-4083-9fe7-dc7874404fde,WodoStateHaz,1,187,0.0350692,,2023-10-17T08:16:31.0,2023-10-17T08:16:31.0
Segment Start,5236209737,2023-10-17T07:30:00.0,9e080037-7ada-4083-9fe7-dc7874404fde,WodoStateHaz,1,120,0.0,,2023-10-17T08:10:35.0,2023-10-17T08:10:35.0
Segment End,5236209737,2023-10-17T07:30:00.0,9e080037-7ada-4083-9fe7-dc7874404fde,WodoStateHaz,1,121,0.1269602,,2023-10-17T08:10:46.0,2023-10-17T08:10:46.0
Segment Start,8065207527,2023-10-17T07:30:00.0,9e080037-7ada-4083-9fe7-dc7874404fde,WodoStateHaz,1,56,0.02,,2023-10-17T07:45:03.0,2023-10-17T07:45:03.0
Segment End,8065207527,2023-10-17T07:30:00.0,9e080037-7ada-4083-9fe7-dc7874404fde,WodoStateHaz,1,57,0.032811,,2023-10-17T07:45:06.0,2023-10-17T07:45:06.0
Segment Start,5236211759,2023-10-17T07:30:00.0,9e080037-7ada-4083-9fe7-dc7874404fde,WodoStateHaz,1,82,0.0,,2023-10-17T08:06:50.0,2023-10-17T08:06:50.0
Segment End,5236211759,2023-10-17T07:30:00.0,9e080037-7ada-4083-9fe7-dc7874404fde,WodoStateHaz,1,83,0.0949695,,2023-10-17T08:06:58.0,2023-10-17T08:06:58.0
Segment Start,5236208221,2023-10-17T07:30:00.0,9e080037-7ada-4083-9fe7-dc7874404fde,WodoStateHaz,1,158,0.0,,2023-10-17T08:13:13.0,2023-10-17T08:13:13.0
Segment End,5236208221,2023-10-17T07:30:00.0,9e080037-7ada-4083-9fe7-dc7874404fde,WodoStateHaz,1,159,0.1801508,,2023-10-17T08:13:29.0,2023-10-17T08:13:29.0
Segment Start,5236208514,2023-10-17T07:30:00.0,9e080037-7ada-4083-9fe7-dc7874404fde,WodoStateHaz,1,150,0.0,,2023-10-17T08:12:35.0,2023-10-17T08:12:35.0
Segment End,5236208514,2023-10-17T07:30:00.0,9e080037-7ada-4083-9fe7-dc7874404fde,WodoStateHaz,1,151,0.0500436,,2023-10-17T08:12:40.0,2023-10-17T08:12:40.0
Segment Start,5218007683,2023-10-17T07:30:00.0,9e080037-7ada-4083-9fe7-dc7874404fde,WodoStateHaz,1,178,0.0,,2023-10-17T08:15:28.0,2023-10-17T08:15:28.0
Segment End,5218007683,2023-10-17T07:30:00.0,9e080037-7ada-4083-9fe7-dc7874404fde,WodoStateHaz,1,179,0.2341764,,2023-10-17T08:15:49.0,2023-10-17T08:15:49.0
Segment Start,5236207219,2023-10-17T07:30:00.0,9e080037-7ada-4083-9fe7-dc7874404fde,WodoStateHaz,1,206,0.0,,2023-10-17T08:18:13.0,2023-10-17T08:18:13.0
Segment End,5236207219,2023-10-17T07:30:00.0,9e080037-7ada-4083-9fe7-dc7874404fde,WodoStateHaz,1,207,0.072645,,2023-10-17T08:18:19.0,2023-10-17T08:18:19.0
Segment Start,5236211563,2023-10-17T07:30:00.0,9e080037-7ada-4083-9fe7-dc7874404fde,WodoStateHaz,1,86,0.0,,2023-10-17T08:07:26.0,2023-10-17T08:07:26.0
Segment End,5236211563,2023-10-17T07:30:00.0,9e080037-7ada-4083-9fe7-dc7874404fde,WodoStateHaz,1,87,0.0572802,,2023-10-17T08:07:31.0,2023-10-17T08:07:31.0
Segment Start,5510106966,2023-10-17T07:30:00.0,9e080037-7ada-4083-9fe7-dc7874404fde,WodoStateHaz,1,40,0.0,,2023-10-17T07:41:54.0,2023-10-17T07:41:54.0
Segment End,5510106966,2023-10-17T07:30:00.0,9e080037-7ada-4083-9fe7-dc7874404fde,WodoStateHaz,1,41,0.09579810000000001,,2023-10-17T07:42:03.0,2023-10-17T07:42:03.0
Segment Start,5510007284,2023-10-17T07:30:00.0,9e080037-7ada-4083-9fe7-dc7874404fde,WodoStateHaz,1,8,0.0,,2023-10-17T07:34:36.0,2023-10-17T07:34:36.0
Segment End,5510007284,2023-10-17T07:30:00.0,9e080037-7ada-4083-9fe7-dc7874404fde,WodoStateHaz,1,9,0.1807541,,2023-10-17T07:34:53.0,2023-10-17T07:34:53.0
Segment Start,8066207652,2023-10-17T07:30:00.0,9e080037-7ada-4083-9fe7-dc7874404fde,WodoStateHaz,1,62,6.61,,2023-10-17T07:51:44.0,2023-10-17T07:51:44.0
Segment End,8066207652,2023-10-17T07:30:00.0,9e080037-7ada-4083-9fe7-dc7874404fde,WodoStateHaz,1,63,0.2349676,,2023-10-17T07:52:05.0,2023-10-17T07:52:05.0
Segment Start,5510106785,2023-10-17T07:30:00.0,9e080037-7ada-4083-9fe7-dc7874404fde,WodoStateHaz,1,34,0.0,,2023-10-17T07:40:35.0,2023-10-17T07:40:35.0
Segment End,5510106785,2023-10-17T07:30:00.0,9e080037-7ada-4083-9fe7-dc7874404fde,WodoStateHaz,1,35,0.3146702,,2023-10-17T07:41:04.0,2023-10-17T07:41:04.0
Segment Start,5510107174,2023-10-17T07:30:00.0,9e080037-7ada-4083-9fe7-dc7874404fde,WodoStateHaz,1,46,0.0,,2023-10-17T07:42:40.0,2023-10-17T07:42:40.0
Segment End,5510107174,2023-10-17T07:30:00.0,9e080037-7ada-4083-9fe7-dc7874404fde,WodoStateHaz,1,47,0.1528015,,2023-10-17T07:42:54.0,2023-10-17T07:42:54.0
Segment Start,5236208532,2023-10-17T07:30:00.0,9e080037-7ada-4083-9fe7-dc7874404fde,WodoStateHaz,1,148,0.03,,2023-10-17T08:12:35.0,2023-10-17T08:12:35.0
Segment End,5236208532,2023-10-17T07:30:00.0,9e080037-7ada-4083-9fe7-dc7874404fde,WodoStateHaz,1,149,0.0065252999999999995,,2023-10-17T08:12:35.0,2023-10-17T08:12:35.0
Segment Start,5510006782,2023-10-17T07:30:00.0,9e080037-7ada-4083-9fe7-dc7874404fde,WodoStateHaz,1,18,0.0,,2023-10-17T07:36:50.0,2023-10-17T07:36:50.0
Segment End,5510006782,2023-10-17T07:30:00.0,9e080037-7ada-4083-9fe7-dc7874404fde,WodoStateHaz,1,19,0.4117034,,2023-10-17T07:37:27.0,2023-10-17T07:37:27.0
Segment Start,5236212119,2023-10-17T07:30:00.0,9e080037-7ada-4083-9fe7-dc7874404fde,WodoStateHaz,1,70,0.0,,2023-10-17T08:05:28.0,2023-10-17T08:05:28.0
Segment End,5236212119,2023-10-17T07:30:00.0,9e080037-7ada-4083-9fe7-dc7874404fde,WodoStateHaz,1,71,0.2942359,,2023-10-17T08:05:55.0,2023-10-17T08:05:55.0
Segment Start,8015207447,2023-10-17T07:30:00.0,9e080037-7ada-4083-9fe7-dc7874404fde,WodoStateHaz,1,60,0.0,,2023-10-17T07:46:02.0,2023-10-17T07:46:02.0
Segment End,8015207447,2023-10-17T07:30:00.0,9e080037-7ada-4083-9fe7-dc7874404fde,WodoStateHaz,1,61,0.0229438,,2023-10-17T07:46:05.0,2023-10-17T07:46:05.0
Segment Start,5236208612,2023-10-17T07:30:00.0,9e080037-7ada-4083-9fe7-dc7874404fde,WodoStateHaz,1,144,0.0,,2023-10-17T08:12:22.0,2023-10-17T08:12:22.0
Segment End,5236208612,2023-10-17T07:30:00.0,9e080037-7ada-4083-9fe7-dc7874404fde,WodoStateHaz,1,145,0.07781489999999999,,2023-10-17T08:12:29.0,2023-10-17T08:12:29.0
Segment Start,2570010369,2023-10-17T07:30:00.0,9e080037-7ada-4083-9fe7-dc7874404fde,WodoStateHaz,1,66,10.11,,2023-10-17T08:00:27.0,2023-10-17T08:00:27.0
Segment End,2570010369,2023-10-17T07:30:00.0,9e080037-7ada-4083-9fe7-dc7874404fde,WodoStateHaz,1,67,0.0101406,,2023-10-17T08:00:27.0,2023-10-17T08:00:27.0
Segment Start,5510106641,2023-10-17T07:30:00.0,9e080037-7ada-4083-9fe7-dc7874404fde,WodoStateHaz,1,30,0.0,,2023-10-17T07:40:18.0,2023-10-17T07:40:18.0
Segment End,5510106641,2023-10-17T07:30:00.0,9e080037-7ada-4083-9fe7-dc7874404fde,WodoStateHaz,1,31,0.0586879,,2023-10-17T07:40:23.0,2023-10-17T07:40:23.0
Start Depot,1010,2023-10-17T07:30:00.0,9e080037-7ada-4083-9fe7-dc7874404fde,WodoStateHaz,1,1,0,,2023-10-17T07:30:00.0,2023-10-17T07:30:00.0
Return Depot,1010,2023-10-17T07:30:00.0,9e080037-7ada-4083-9fe7-dc7874404fde,WodoStateHaz,1,212,2.32,,2023-10-17T08:21:32.0,2023-10-17T08:21:32.0
