,ID,X,Y
0,27840940,146.915,-36.4304
1,29687220,146.161,-36.0324
2,29688170,146.734,-36.2898
3,29689780,147.249,-36.2092
4,29685440,146.939,-36.2374
5,27846530,147.039,-36.1956
6,29688340,146.981,-36.138
7,27848360,146.953,-36.1795
8,28516210,147.351,-36.0441
9,27849890,147.678,-36.0368
10,29686640,147.203,-37.0241
11,29692510,146.729,-36.376
12,29688540,146.902,-36.1129
13,27845520,147.963,-36.1646
14,29690120,146.857,-36.4678
15,29686590,147.203,-37.0239
16,29686110,146.713,-36.5732
17,29692180,147.04,-36.1964
18,29686150,147.022,-36.3534
19,27838740,147.217,-36.4214
20,27848580,147.977,-36.086
21,29689760,147.291,-36.1936
22,28513650,146.991,-36.4519
23,27841380,147.08,-36.2417
24,27848900,146.824,-36.2979
25,27841500,146.553,-36.4529
26,27373220,147.022,-36.7571
27,29685560,146.995,-36.4549
28,29686520,147.309,-36.0655
29,30251350,147.332,-36.4756
30,29689960,146.873,-36.3719
31,27841660,147.237,-36.2748
32,27839200,146.952,-36.4468
33,27846170,147.066,-36.8631
34,27848680,147.453,-36.521
35,29685400,146.956,-36.1986
36,29690280,146.843,-36.5904
37,28077900,147.282,-36.0456
38,28514110,147.025,-36.1518
39,29686770,146.866,-36.333
40,29685320,146.395,-36.1329
41,27840120,147.08,-36.2432
42,27848590,147.047,-36.2018
43,27633240,146.868,-36.2216
44,28517720,147.033,-36.2519
45,29687290,146.987,-36.451
46,28512820,147.177,-36.7414
47,30397700,146.296,-36.3678
48,28516100,147.582,-35.9891
49,28516440,147.642,-36.0771
50,29689950,147.623,-36.1731
51,27845130,147.314,-36.0767
52,27446620,147.332,-36.0664
53,29691740,146.972,-36.2035
54,29689630,147.235,-37.0208
55,28851430,147.678,-36.0369
56,27845140,147.093,-36.0607
57,27839190,146.976,-36.1373
58,28512720,146.827,-36.3047
59,29686480,147.144,-36.0659
60,27849490,146.957,-36.2037
61,29686760,147.961,-36.1642
62,28517030,146.99,-36.2342
63,29688040,146.576,-36.0401
64,29685480,146.906,-36.4247
65,27843590,147.278,-36.044
66,27845260,147.023,-36.3482
67,29686830,146.869,-36.3423
68,29686870,146.873,-36.3724
69,27446110,147.326,-36.0764
70,27845150,147.087,-36.0657
71,27845200,146.986,-36.2224
72,29689130,147.451,-36.5149
73,27843170,147.263,-36.0441
74,28513320,146.946,-36.23
75,27849520,146.978,-36.1376
76,29688330,146.979,-36.1377
77,28516090,147.593,-35.9783
78,27848340,147.079,-36.2398
79,29687900,147.037,-36.4255
80,27847980,147.441,-36.6831
81,29687170,147.628,-36.1112
82,28516190,147.351,-36.0406
83,27843930,147.754,-36.2169
84,29687140,147.002,-36.5603
85,28517000,146.999,-36.247
86,27848840,147.274,-36.3624
87,27455840,147.655,-35.9542
88,30268660,147.232,-36.4075
89,29689090,146.916,-36.5823
90,27906980,147.326,-36.0764
91,29631640,146.394,-36.0655
92,27843340,147.181,-36.2186
93,28513210,146.278,-36.0775
94,29687890,146.99,-36.2341
95,29661220,146.389,-36.1651
96,29688300,146.976,-36.1373
97,29689580,147.095,-36.0597
98,27849980,147.652,-36.0623
99,29997620,147.024,-36.7614
100,29686630,147.243,-37.0205
101,27848040,147.08,-36.0673
102,29685510,146.916,-36.4308
103,29690010,147.896,-36.1992
104,29092410,146.853,-36.3031
105,28514000,147.047,-36.202
106,29686100,146.719,-36.5577
107,27841070,147.079,-36.2383
108,28517290,146.92,-36.434
109,28516700,147.591,-36.1741
110,30310860,147.053,-36.2081
111,28516020,147.022,-36.5555
112,30248800,147.366,-36.534
113,29686080,146.986,-36.2214
114,27846190,147.193,-37.0164
115,27849280,146.982,-36.4507
116,28516520,147.932,-36.0497
117,27850060,147.663,-36.054
118,29686820,146.869,-36.3418
119,27845190,147.026,-36.3343
120,29685870,147.237,-36.2702
121,27850040,147.08,-36.241
122,28517100,147.051,-36.5303
123,29689560,147.081,-36.0671
124,27845300,147.663,-36.2222
125,27849260,146.24,-36.0741
126,27849800,147.655,-36.0606
127,29689650,147.111,-36.9998
128,27849650,147.012,-36.2563
129,27848790,147.914,-36.0466
130,28516760,147.958,-36.1619
131,27845360,147.681,-36.2127
132,29688370,147.049,-36.2027
133,27843030,147.252,-36.2063
134,28517600,146.556,-36.0418
135,29691010,147.054,-36.8081
136,30255490,147.271,-36.4594
137,29687110,147.812,-36.1508
138,29689840,146.695,-36.4099
139,27642070,146.825,-36.3001
140,29692550,146.415,-36.0605
141,28516080,147.639,-35.961
142,27844920,146.981,-36.2157
143,29685850,147.246,-36.2349
144,29689300,146.77,-36.5965
145,27845860,147.144,-36.7161
146,27839780,147.515,-36.1568
147,28516260,147.318,-36.1015
148,28516250,147.33,-36.0709
149,29690130,146.857,-36.4678
150,29687310,147.908,-36.0438
151,27847240,147.005,-36.2561
152,29686660,146.694,-36.4069
153,29661210,147.821,-36.1421
154,27845780,147.932,-36.0501
155,29686900,146.874,-36.3774
156,29687330,147.793,-35.9714
157,29686800,146.869,-36.3392
158,30311980,147.26,-36.388
159,29687970,146.609,-36.1069
160,27841060,147.079,-36.2334
161,27460390,147.835,-35.9878
162,27848320,147.932,-36.0504
163,27840400,147.006,-36.2571
164,27848960,147.735,-35.9667
165,27847960,147.113,-36.0539
166,28516880,147.172,-36.2213
167,27839440,147.827,-36.3963
168,27198300,147.073,-36.0745
169,27838610,147.728,-36.2233
170,29687100,147.931,-36.049
171,28514520,146.89,-36.1649
172,29690160,146.847,-36.4876
173,28512810,146.227,-36.182
174,29689060,147.084,-36.2707
175,29688440,146.933,-36.2455
176,27847280,147.31,-37.0415
177,29685470,146.897,-36.4188
178,29691750,147.023,-36.3469
179,27844610,147.211,-36.2162
180,29689970,147.628,-36.1713
181,28513640,146.982,-36.4507
182,29686240,146.891,-36.6804
183,29686550,146.676,-36.5074
184,29685380,146.388,-36.1712
185,29688240,146.838,-36.2354
186,29688970,147.082,-36.5761
187,27845080,147.073,-36.2228
188,29686570,147.2,-36.2157
189,27848120,147.039,-36.196
190,29688200,146.827,-36.3034
191,27843550,147.311,-36.0737
192,28516490,147.947,-36.0615
193,29689820,146.694,-36.441
194,29686070,147.086,-36.2718
195,29686140,147.041,-36.4872
196,27379280,147.257,-37.0206
197,27845820,146.953,-36.1797
198,29692290,146.927,-36.1473
199,28121690,147.696,-36.0142
200,30414520,146.92,-36.4335
201,27457670,147.7,-35.9346
202,27460590,147.83,-35.9864
203,28851020,147.552,-36.1776
204,26626260,147.916,-36.0466
205,27848350,147.08,-36.2413
206,28513570,146.966,-36.4491
207,29686610,147.244,-37.0207
208,29688650,147.224,-36.8108
209,29686930,146.876,-36.3835
210,27849670,146.989,-36.1389
211,27848500,147.224,-37.0219
212,27839630,147.919,-36.0473
213,27838850,147.201,-36.4327
214,29686980,146.863,-36.4
215,29685580,146.414,-36.0395
216,29686810,146.869,-36.3415
217,29689810,146.679,-36.4597
218,27839570,146.212,-36.0705
219,28517130,146.553,-36.4521
220,29689600,147.103,-36.0568
221,27848530,147.155,-36.0672
222,27843350,147.103,-36.2283
223,27840540,147.138,-36.6834
224,27855880,147.146,-36.7176
225,28514980,147.172,-36.2215
226,27842000,147.969,-36.1433
227,29689990,146.874,-36.378
228,29686510,147.266,-36.0441
229,29691210,147.318,-36.1015
230,29689010,147.035,-36.313
231,28514990,147.22,-36.2159
232,27843910,147.317,-36.0827
233,28517310,146.967,-36.4492
234,29686940,146.876,-36.3835
235,29687990,146.609,-36.1067
236,30247840,146.735,-36.2898
237,29685450,146.916,-36.2574
238,29687050,147.621,-36.173
239,30342140,146.546,-36.1071
240,29686740,146.854,-36.327
241,29686360,147.145,-36.7162
242,29690880,146.805,-36.276
243,27840740,146.956,-36.1967
244,28718190,147.07,-36.0804
245,29685680,146.902,-36.1128
246,29689050,147.082,-36.268
247,27844930,147.036,-36.3162
248,27839010,147.088,-36.2722
249,29688730,146.72,-36.5654
250,28516890,147.172,-36.2216
251,27844750,147.12,-36.2251
252,29685540,146.934,-36.4415
253,29692860,146.923,-36.438
254,27841080,147.271,-36.3577
255,29688110,146.48,-36.0519
256,29689740,147.318,-36.095
257,30372910,147.357,-36.019
258,29689670,147.145,-36.0665
259,27840290,146.825,-36.2997
260,29688870,147.011,-36.4485
261,29686130,147.043,-36.4885
262,29689690,147.266,-36.0443
263,29687350,147.641,-35.9591
264,30247560,146.856,-36.6978
265,29688410,146.962,-36.4477
266,29688350,146.981,-36.1379
267,29633560,146.376,-36.0653
268,29690360,146.929,-36.5675
269,28515980,147.769,-35.9667
270,27849310,147.691,-36.0196
271,28513520,146.918,-36.4315
272,26150980,147.419,-36.1527
273,29689860,146.691,-36.3946
274,27841620,147.271,-36.3567
275,27843130,147.201,-36.4368
276,27850250,147.663,-36.0535
277,29689160,147.237,-36.2692
278,29688640,147.225,-36.8079
279,29687340,147.794,-35.9715
280,27848310,147.965,-36.1493
281,27841460,147.979,-36.132
282,27841680,147.236,-36.2756
283,27642770,146.828,-36.3054
284,27372700,147.022,-36.7568
285,27849530,147.931,-36.0494
286,29662050,146.389,-36.1651
287,29685490,146.907,-36.4259
288,29685520,146.919,-36.4319
289,29689730,147.317,-36.0814
290,29292720,146.691,-36.3965
291,27460050,147.836,-35.9881
292,28512750,146.417,-36.0601
293,29686540,147.318,-36.0906
294,29686720,146.691,-36.3629
295,27847750,147.037,-36.425
296,27845090,147.055,-36.2123
297,30302960,147.063,-36.8947
298,28516620,147.813,-36.1503
299,27520540,146.941,-36.235
300,29688290,146.946,-36.1432
301,29692940,146.931,-36.2471
302,28516170,147.356,-36.0327
303,27844860,147.916,-36.0467
304,29689290,146.771,-36.5977
305,27841990,147.954,-36.0665
306,29685900,147.232,-36.2857
307,27846910,147.193,-37.0154
308,28517470,146.448,-36.0463
309,29686880,146.873,-36.3736
310,27845490,147.103,-36.6286
311,27849740,147.085,-36.2715
312,29687260,146.255,-36.076
313,28112590,146.875,-36.1493
314,29686120,146.713,-36.5736
315,29688050,146.576,-36.0401
316,28514050,147.04,-36.1962
317,27842510,147.3,-36.0543
318,26151140,147.704,-36.0094
319,29686780,146.869,-36.3368
320,29691070,147.012,-36.7413
321,28514090,147.032,-36.1664
322,29691760,147.13,-36.6707
323,29692170,146.512,-36.0507
324,28516060,147.709,-35.9353
325,30015550,146.861,-36.5915
326,29692250,146.511,-36.0936
327,27848600,147.056,-36.2142
328,27846620,147.037,-36.425
329,28514610,146.878,-36.3988
330,29685890,147.237,-36.2778
331,29687270,147.837,-36.3177
332,27849830,147.67,-36.0458
333,29685990,147.225,-36.3962
334,29687190,147.643,-36.0766
335,29692810,146.395,-36.0648
336,27845740,147.273,-36.3616
337,30149420,147.025,-36.1521
338,28514060,147.035,-36.1845
339,28516930,147.144,-36.2224
340,27842210,147.135,-36.0572
341,27849880,147.683,-36.0291
342,27846770,146.239,-36.074
343,29685660,147.049,-36.2029
344,27845160,147.074,-36.0726
345,29685840,147.246,-36.2344
346,28515020,147.103,-36.228
347,27845660,147.081,-36.244
348,29688460,146.606,-36.5345
349,28516000,147.733,-35.9634
350,28851370,147.733,-35.9636
351,28515370,147.011,-36.2643
352,29690190,146.841,-36.4886
353,29685880,147.236,-36.2754
354,28515600,147.219,-36.3884
355,29688550,147.137,-36.2998
356,29687920,147.032,-36.3602
357,29686460,146.995,-36.2412
358,28513740,147.056,-36.2138
359,27850290,147.643,-36.072
360,27845270,147.015,-36.2702
361,30304390,147.065,-36.9251
362,27842180,147.134,-36.7229
363,27453010,147.613,-35.9768
364,29692820,146.394,-36.0655
365,27849910,147.686,-36.0244
366,29688190,146.775,-36.2864
367,27843240,147.026,-36.7673
368,29690100,146.861,-36.4133
369,28516750,147.958,-36.1617
370,27844910,146.956,-36.1827
371,28513820,147.051,-36.2052
372,27848270,147.036,-36.4842
373,29685970,147.453,-36.5204
374,28516500,147.932,-36.0505
375,30308660,147.051,-36.206
376,29686310,147.223,-36.4177
377,30412870,146.919,-36.4324
378,29688220,146.828,-36.2424
379,29686970,146.867,-36.3927
380,27840300,146.806,-36.2762
381,29687280,147.84,-36.2744
382,27845750,147.932,-36.0501
383,27859400,146.453,-37.1315
384,26626280,147.914,-36.0466
385,27844400,147.907,-36.0162
386,27849920,147.679,-36.0354
387,27843700,146.904,-36.4234
388,27840090,147.826,-36.3949
389,27838590,147.662,-36.0543
390,29687030,147.628,-36.1713
391,29688720,146.714,-36.555
392,27841470,147.967,-36.1468
393,28512790,146.894,-36.1965
394,29817670,147.274,-36.0445
395,28516790,147.572,-36.1722
396,28517580,147.004,-36.1411
397,29689710,147.298,-36.0533
398,28516330,146.397,-36.0635
399,28514020,147.045,-36.2009
400,29689750,147.297,-36.1954
401,28156750,147.33,-36.0709
402,28516230,147.338,-36.0549
403,29692140,146.523,-36.0508
404,27848520,147.972,-36.1393
405,29689700,147.267,-36.0444
406,26626270,147.915,-36.0466
407,30304810,147.14,-36.2212
408,27572310,147.255,-36.4641
409,29687120,147.812,-36.1513
410,27452460,147.608,-35.9783
411,28517090,147.145,-36.7027
412,27843960,147.648,-36.2131
413,29687980,146.609,-36.1069
414,29688610,147.215,-36.7778
415,29688100,146.485,-36.0514
416,28516710,147.591,-36.1745
417,29690260,146.829,-36.5873
418,27845220,146.989,-36.23
419,29686750,146.865,-36.3316
420,27842220,146.906,-36.4249
421,27839070,147.285,-36.1925
422,28516670,147.754,-36.2005
423,29686060,146.665,-36.5008
424,27648740,146.953,-36.1793
425,29688930,146.656,-36.4824
426,29688850,147.011,-36.448
427,27364870,147.641,-36.1109
428,27850020,147.692,-36.0192
429,27845370,147.411,-36.159
430,28513780,147.052,-36.2069
431,28516850,147.226,-36.2165
432,29692850,146.367,-36.0662
433,29686860,146.873,-36.3712
434,27848130,147.039,-36.1959
435,29692930,146.176,-36.0646
436,28516960,146.921,-36.2533
437,29690400,147.132,-36.7224
438,29685630,147.08,-36.2428
439,27839290,146.941,-36.2345
440,26626250,147.926,-36.0498
441,29690450,147.735,-35.9712
442,29688760,146.695,-36.644
443,29687320,147.908,-36.043
444,29687060,147.576,-36.1718
445,28515820,147.337,-36.185
446,27660190,147.698,-36.0121
447,27848610,147.082,-36.2485
448,28516530,147.931,-36.0496
449,29690180,146.844,-36.4878
450,28516510,147.932,-36.0502
451,29692200,147.075,-36.2261
452,27641910,146.825,-36.2998
453,27847910,147.017,-36.7507
454,27457040,147.693,-35.9388
455,27844900,147.037,-36.2919
456,27848110,147.051,-36.2055
457,29690440,146.836,-36.6256
458,27849680,147.08,-36.2416
459,30127450,146.77,-36.5887
460,27845510,147.025,-36.3379
461,27845680,147.036,-36.3173
462,27850010,147.694,-36.0168
463,29688360,146.983,-36.1382
464,27845250,147.025,-36.3367
465,29686680,146.691,-36.3984
466,29689270,146.895,-36.6837
467,29661180,147.748,-36.2028
468,27847680,147.235,-36.2898
469,28516070,147.71,-35.9363
470,29086500,147.076,-36.2571
471,27842910,147.491,-36.1535
472,29686030,147.191,-36.3588
473,28021060,146.982,-36.1381
474,27841690,147.237,-36.27
475,29685530,146.921,-36.4366
476,29690060,146.864,-36.399
477,29692640,146.384,-36.1928
478,29689030,147.005,-36.2555
479,27632690,146.894,-36.195
480,29686000,146.482,-36.4122
481,28516950,147.14,-36.2213
482,29686390,147.082,-36.5754
483,28077980,147.29,-36.0507
484,27849250,146.24,-36.0741
485,28513710,147.07,-36.2538
486,29692750,146.414,-36.0395
487,27848540,147.153,-36.0671
488,28513930,147.043,-36.1999
489,29688130,146.728,-36.3772
490,27843140,147.302,-36.0556
491,28516240,147.332,-36.0691
492,27841900,146.658,-36.4838
493,29686010,147.197,-36.3676
494,29688450,146.593,-36.5383
495,29688090,146.497,-36.0511
496,29686990,147.759,-36.2138
497,28517350,146.978,-36.1377
498,28513540,146.921,-36.4364
499,27838970,147.202,-36.4318
500,27845350,147.574,-36.1713
501,29685420,146.944,-36.2314
502,27843160,147.296,-36.0528
503,29685860,146.982,-36.4507
504,30269700,147.154,-36.3168
505,28513630,146.976,-36.4502
506,27646530,146.952,-36.2253
507,27846210,147.318,-36.1012
508,28516270,147.319,-36.1064
509,29685650,147.051,-36.2059
510,29686730,148.008,-36.1686
511,29690800,146.851,-36.4853
512,30084860,145.693,-37.1954
513,29160770,146.715,-36.5552
514,30414060,145.66,-35.9171
515,29690780,146.918,-36.2553
516,27838750,147.226,-36.4132
517,28514700,146.52,-36.0968
518,28515610,147.159,-36.3241
519,27845170,147.073,-36.0746
520,29691040,147.05,-36.8043
521,27849210,147.009,-36.2572
522,28516130,147.476,-35.9588
523,27848290,147.508,-36.5535
524,29685430,146.372,-36.2563
525,28517120,146.676,-36.5073
526,29686910,146.874,-36.3775
527,29685950,147.525,-36.5549
528,27848280,147.039,-36.4862
529,29688740,146.717,-36.5679
530,29688770,146.693,-36.6491
531,29692720,146.388,-36.1711
532,28516200,147.351,-36.0406
533,29689900,147.463,-36.1488
534,27452390,147.605,-35.9787
535,29688750,146.717,-36.5678
536,29689720,147.313,-36.0724
537,28516870,147.182,-36.2184
538,29688260,146.894,-36.1936
539,29042070,146.926,-36.1467
540,26861770,146.531,-36.0503
541,28516180,147.349,-36.0395
542,27842860,147.116,-36.054
543,27849960,146.822,-36.2956
544,28513250,146.957,-36.2042
545,29690170,146.846,-36.4876
546,27843090,147.333,-36.4772
547,29690860,146.867,-36.3343
548,29686500,147.026,-36.7673
549,28517280,146.871,-36.2965
550,29688660,147.225,-36.8118
551,30418800,147.342,-36.0499
552,28516800,147.528,-36.1648
553,27840360,147.966,-36.1487
554,29692890,146.251,-36.0755
555,29691030,147.053,-36.8082
556,28514120,147.015,-36.1473
557,29685340,146.395,-36.136
558,29687150,147.002,-36.5602
559,29688810,146.669,-36.6994
560,29692780,146.987,-36.451
561,28516220,147.348,-36.0496
562,29685640,146.295,-36.0795
563,27842250,146.885,-36.412
564,29689540,147.016,-36.7462
565,28516050,147.709,-35.9349
566,29689140,147.271,-36.3575
567,28517620,147.215,-36.2159
568,27849970,146.827,-36.3039
569,29685460,146.374,-36.2479
570,29685960,147.498,-36.5342
571,29687180,147.642,-36.0798
572,29687910,147.131,-36.6716
573,27848890,146.824,-36.2979
574,27843610,146.7,-36.3125
575,28724580,147.152,-36.0672
576,29688960,147.116,-36.6346
577,29690270,146.839,-36.5893
578,27840550,147.04,-36.4868
579,28517260,146.644,-36.3719
580,28513470,146.857,-36.301
581,27536060,147.522,-36.1605
582,29688950,146.577,-36.4628
583,29689550,147.08,-36.0672
584,27848640,147.069,-36.0825
585,27843460,147.725,-36.2246
586,27848380,147.07,-36.082
587,29689770,147.259,-36.2008
588,29688840,147.012,-36.4478
589,29689180,146.574,-36.5142
590,29689570,147.087,-36.0651
591,27848740,147.225,-36.3977
592,29686690,146.691,-36.3968
593,29686580,147.201,-37.0231
594,29690840,146.553,-36.4527
595,27841320,147.058,-36.5438
596,27839970,147.813,-36.2086
597,29685930,147.274,-36.3785
598,29689680,147.155,-36.0671
599,28516160,147.469,-35.9598
600,29687230,147.685,-36.0254
601,30137820,147.116,-36.7197
602,29689150,147.233,-36.2841
603,30399430,147.908,-36.0432
604,27839210,146.975,-36.4502
605,29053230,146.013,-36.5422
606,27849270,146.903,-36.423
607,27848170,147.228,-36.4098
608,29685360,147.821,-36.1418
609,27845830,146.957,-36.1836
610,29689240,146.9,-36.6867
611,27846200,147.194,-37.0191
612,28513560,146.94,-36.4452
613,29688420,146.962,-36.4478
614,27839390,147.96,-36.07
615,28514030,147.039,-36.196
616,27840100,147.304,-36.1975
617,28516420,147.644,-36.0692
618,28516920,147.146,-36.2235
619,29686890,146.874,-36.3777
620,29686620,147.282,-37.0274
621,28517320,146.975,-36.4501
622,27632540,146.894,-36.1933
623,29688860,147.011,-36.4484
624,27850100,147.698,-36.0121
625,29687160,146.922,-36.5719
626,27849590,146.829,-36.3064
627,30249050,147.363,-36.5286
628,29690870,146.861,-36.3292
629,28516430,147.643,-36.0745
630,27848490,147.007,-36.2578
631,29689660,147.085,-37.0038
632,27847090,147.138,-36.0602
633,29688800,147.037,-36.425
634,27849600,146.824,-36.2978
635,27843580,147.096,-36.0595
636,27844280,147.452,-36.5166
637,27848550,147.106,-36.0554
638,29685910,147.247,-36.3326
639,30313310,147.336,-36.1252
640,27845690,147.032,-36.3224
641,30045290,147.318,-36.0994
642,27846130,146.392,-36.1512
643,29692220,147.051,-36.2059
644,27839270,146.955,-36.2129
645,28513530,146.92,-36.4351
646,28516940,147.14,-36.2213
647,27845040,147.97,-36.142
648,27840880,147.081,-36.2433
649,29692210,147.06,-36.2177
650,27841810,146.714,-36.0616
651,29197810,147.366,-36.5343
652,28516690,147.74,-36.2064
653,27850210,147.101,-36.0579
654,27728950,147.643,-36.073
655,29688920,146.657,-36.4893
656,29685920,147.273,-36.3613
657,29686960,147.837,-36.2135
658,29685330,147.822,-36.1409
659,28517300,146.938,-36.4443
660,28517160,146.482,-36.4123
661,27845500,147.026,-36.3342
662,27839280,146.935,-36.2425
663,29688120,146.729,-36.3762
664,27844630,147.144,-36.2222
665,27221310,147.198,-36.3714
666,27842880,147.285,-36.047
667,27848810,147.318,-36.0837
668,29685550,146.995,-36.4551
669,27840080,147.818,-36.3638
670,27848460,147.041,-36.387
671,28515870,147.908,-36.0445
672,29688940,147.16,-36.7369
673,29685940,147.393,-36.5035
674,27838880,147.448,-36.7334
675,28517550,146.829,-36.2418
676,29687210,147.735,-35.9648
677,29692920,146.251,-36.0755
678,27845180,146.996,-36.2426
679,29688430,146.872,-36.2955
680,28513770,147.052,-36.2072
681,27850030,147.079,-36.2401
682,27843570,147.192,-36.0619
683,27646820,146.955,-36.2127
684,27841370,147.079,-36.2401
685,29686560,147.243,-36.2151
686,27843620,147.472,-36.1522
687,28516110,147.582,-35.9893
688,29686790,146.869,-36.3368
689,28851230,147.597,-36.1251
690,27839640,147.924,-36.0493
691,27843120,147.224,-36.4154
692,29686020,147.19,-36.3601
693,27841710,146.391,-36.1572
694,27845650,147.052,-36.2074
695,29686600,147.203,-37.024
696,27841120,147.277,-36.0446
697,27849950,147.039,-36.1958
698,27842480,146.486,-36.4143
699,29172610,146.694,-36.5449
700,29686490,147.021,-36.7566
701,29686040,147.123,-36.2893
702,30379900,146.203,-36.0681
703,27840370,147.793,-36.5012
704,30247510,147.363,-36.5314
705,27843890,147.31,-36.064
706,27455230,147.63,-35.9671
707,28513370,146.94,-36.2363
708,27633760,146.834,-36.2382
709,27845050,147.945,-36.0605
710,28514080,147.033,-36.1683
711,28513860,146.391,-36.1575
712,27645340,146.94,-36.2364
713,29689930,147.523,-36.1618
714,28517370,147.013,-36.1113
715,27848300,147.944,-36.0596
716,29689640,147.136,-36.058
717,27845480,147.046,-36.491
718,27844890,146.929,-36.1479
719,28514810,146.864,-36.1359
720,27840110,147.093,-36.2576
721,30232980,147.229,-36.2959
722,29083270,146.982,-36.1382
723,27848470,147.022,-36.3524
724,27849610,146.956,-36.1987
725,29689000,147.035,-36.4075
726,29688230,146.83,-36.2415
727,29686470,146.995,-36.2408
728,29690200,146.836,-36.4902
729,29688280,146.942,-36.1459
730,27840070,147.827,-36.403
731,28513790,147.051,-36.2055
732,30370880,147.735,-35.9674
733,27849930,147.028,-36.1554
734,29686320,146.519,-36.0507
735,29689320,147.432,-36.5966
736,27839380,147.979,-36.0904
737,27849620,146.957,-36.2038
738,28675800,146.827,-36.7094
739,27845870,147.133,-36.7255
740,29686250,147.349,-36.4948
741,28516450,147.973,-36.0774
742,27845460,147.027,-36.437
743,30398130,146.288,-36.3765
744,29686450,147.006,-36.257
745,29691870,147.226,-37.0219
746,29689020,147.035,-36.3066
747,27843740,146.916,-36.4305
748,28514600,146.892,-36.4156
749,27850230,147.692,-36.0186
750,29689790,147.093,-36.2579
751,27847100,147.162,-36.0674
752,29686530,147.311,-36.0746
753,29688780,146.675,-36.6891
754,27842240,146.914,-36.4296
755,27849070,147.828,-36.1341
756,29687300,146.96,-36.4474
757,29690850,146.867,-36.3343
758,27845880,147.134,-36.7254
759,27845310,147.507,-36.1577
760,27848100,147.06,-36.2177
761,28516150,147.476,-35.9591
762,52361117720,146.874207094721,-36.148642442824
763,52361117721,146.874105667411,-36.148415939224
764,55101074620,146.894169430452,-36.108997256351
765,55101074621,146.893994141593,-36.109850183450
766,40052200790,146.335018365612,-36.351206743285
767,40052200791,146.337877185507,-36.351671866336
768,52362095850,146.865396647581,-36.130789223397
769,52362095851,146.865855117777,-36.128680532789
770,52362088060,146.866752752329,-36.124318407534
771,52362088061,146.866917792640,-36.123394133817
772,55101069660,146.898973415759,-36.100436724081
773,55101069661,146.898502137768,-36.101196491562
774,40052244450,146.444360198648,-36.390506704684
775,40052244451,146.444891136039,-36.390642182142
776,55100066110,146.904289185593,-36.091851864297
777,55100066111,146.906072926124,-36.091368164171
778,52362109240,146.862413689978,-36.141155381526
779,52362109241,146.862386042431,-36.141051173618
780,40052282560,146.556349311507,-36.454247778093
781,40052282561,146.577807122863,-36.463339002909
782,54892314160,146.723967602850,-36.560852839892
783,54892314161,146.723342856368,-36.561503641494
784,54892314650,146.722526603575,-36.562340896975
785,54892314651,146.721770014311,-36.563173183589
786,54892350990,146.681002915233,-36.677332108502
787,54892350991,146.677582960983,-36.679561466402
788,55100074240,146.893654666272,-36.109317848436
789,55100074241,146.893717055749,-36.107809026996
790,52362113710,146.866927900437,-36.144950706548
791,52362113711,146.864158040622,-36.143475048721
792,52362101000,146.864178091534,-36.135120586645
793,52362101001,146.865045214948,-36.132472226083
794,52362087040,146.866917792640,-36.123394133817
795,52362087041,146.867101492404,-36.122498660568
796,40052200420,146.333437347002,-36.351362149393
797,40052200421,146.333624270281,-36.351423676186
798,52362078460,146.868606527421,-36.114993481549
799,52362078461,146.868488118659,-36.114750392927
800,54892331310,146.688443752684,-36.601992812039
801,54892331311,146.682249366710,-36.617600185357
802,40052296090,146.680455927877,-36.521372174421
803,40052296091,146.682213328034,-36.523390632292
804,54892351970,146.678025621372,-36.680626658551
805,54892351971,146.678633497731,-36.681721403809
806,80652076030,146.893407532795,-36.111415644894
807,80652076031,146.893509682038,-36.110778231925
808,52182077010,146.865556599878,-36.112871269430
809,52182077011,146.865886199582,-36.113086478328
810,52362091360,146.866202141125,-36.127121812672
811,52362091361,146.866079816083,-36.127052065748
812,40052228320,146.378962398473,-36.370026947592
813,40052228321,146.389927529403,-36.375431377579
814,40052272040,146.515245617743,-36.426733543116
815,40052272041,146.534342947845,-36.432170162232
816,54892351290,146.677582960983,-36.679561466402
817,54892351291,146.677753249299,-36.680195927703
818,54892365410,146.670767522786,-36.713604336216
819,54892365411,146.667914776192,-36.716874445873
820,40052290020,146.656879608770,-36.491027716457
821,40052290021,146.660599293388,-36.495199680308
822,52361085340,146.867265732941,-36.121798924593
823,52361085341,146.867505353556,-36.121667938372
824,54892314420,146.723342856368,-36.561503641494
825,54892314421,146.722526603575,-36.562340896975
826,52181075730,146.863557455464,-36.111607048648
827,52181075731,146.863362534910,-36.111582164929
828,54892365420,146.667914776192,-36.716874445873
829,54892365421,146.664080924703,-36.716242048896
830,52180076830,146.863656007312,-36.111492535310
831,52180076831,146.865556599878,-36.112871269430
832,40052214290,146.353115357742,-36.357847756347
833,40052214291,146.363331017851,-36.362360009444
834,55100066490,146.903472947353,-36.092542065486
835,55100066491,146.903715947724,-36.092278448893
836,52362117170,146.872887247550,-36.148164772563
837,52362117171,146.869982670494,-36.146628865278
838,80152074470,146.899136427825,-36.109449536077
839,80152074471,146.899364918520,-36.109521962009
840,52362113930,146.867435049955,-36.145229155743
841,52362113931,146.866927900437,-36.144950706548
842,54892323850,146.698147725836,-36.579512863095
843,54892323851,146.696139134531,-36.593037184246
844,54892363470,146.671181302528,-36.707714293425
845,54892363471,146.671125637648,-36.711398657183
846,40052244830,146.444891136039,-36.390642182142
847,40052244831,146.445878338397,-36.391013746898
848,40052307510,146.693952172997,-36.544975277831
849,40052307511,146.696031143996,-36.550046896982
850,52361073930,146.869827182862,-36.109386791362
851,52361073931,146.870076616463,-36.109247638349
852,55100069640,146.898360533141,-36.101158814341
853,55100069641,146.901581027411,-36.095961227434
854,40052202980,146.337877185507,-36.351671866336
855,40052202981,146.342270792384,-36.353174002436
856,55101066160,146.905773569139,-36.091545174113
857,55101066161,146.904312516609,-36.091992756657
858,52362121800,146.880440199150,-36.154985819878
859,52362121801,146.878865265893,-36.154318755710
860,40052204880,146.342270792384,-36.353174002436
861,40052204881,146.345970144099,-36.354657628280
862,40052200400,146.333624270281,-36.351423676186
863,40052200401,146.334358400977,-36.351260837098
864,52361091180,146.866410302047,-36.127005553692
865,52361091181,146.866257717786,-36.126834367209
866,55101072160,146.895680445153,-36.105684623846
867,55101072161,146.895131282227,-36.106571255972
868,52362072860,146.870070041411,-36.108209684771
869,52362072861,146.870287821946,-36.107221918910
870,40052285460,146.606120726487,-36.474418454002
871,40052285461,146.608292715911,-36.474744354714
872,40052220510,146.371923369877,-36.366589557741
873,40052220511,146.375052405755,-36.368104788985
874,54892318960,146.708869440146,-36.575115339295
875,54892318961,146.704583205617,-36.574811805694
876,40052254690,146.468849300822,-36.404017389583
877,40052254691,146.468950023009,-36.404079877945
878,54892318990,146.712499902345,-36.574026010123
879,54892318991,146.708869440146,-36.575115339295
880,80652075270,146.893536253995,-36.110602376913
881,80652075271,146.893580665953,-36.110308581247
882,80662076520,146.899559112445,-36.111814359455
883,80662076521,146.899352250601,-36.109806413431
884,40052310410,146.710961431749,-36.552945683769
885,40052310411,146.712315965460,-36.553760581074
886,40052260770,146.477157236999,-36.409141158009
887,40052260771,146.485965206556,-36.414514801216
888,52362085320,146.867265732941,-36.121798924593
889,52362085321,146.867197515588,-36.121777366484
890,52180075590,146.863415136471,-36.111348709374
891,52180075591,146.863656007312,-36.111492535310
892,54892316060,146.718864575226,-36.566222974782
893,54892316061,146.717311372824,-36.567805948829
894,52362093370,146.865855117777,-36.128680532789
895,52362093371,146.866202141125,-36.127121812672
896,52360073910,146.869827182862,-36.109386791362
897,52360073911,146.869648207893,-36.109206836203
898,52362115630,146.869982670494,-36.146628865278
899,52362115631,146.869447881433,-36.146334254719
900,40052299030,146.687831412388,-36.529183657002
901,40052299031,146.691492393324,-36.533867764019
902,52362088880,146.866611349696,-36.124943413433
903,52362088881,146.866752752329,-36.124318407534
904,54892351480,146.677819247055,-36.680322429765
905,54892351481,146.678025621372,-36.680626658551
906,52362080380,146.868244690915,-36.117074123985
907,52362080381,146.868413911905,-36.116267047187
908,54892326760,146.689778607932,-36.601160606421
909,54892326761,146.688443752684,-36.601992812039
910,55100072040,146.894594994369,-36.106347201958
911,55100072041,146.895433896937,-36.105561331945
912,52362111970,146.864158040622,-36.143475048721
913,52362111971,146.862933768977,-36.142301467517
914,40052285840,146.616844460327,-36.476142736821
915,40052285841,146.617486448140,-36.476249054282
916,52362121190,146.878865265893,-36.154318755710
917,52362121191,146.877147358748,-36.152018268851
918,40052283230,146.577807122863,-36.463339002909
919,40052283231,146.584880727786,-36.466357752127
920,52361103300,146.863597334533,-36.136978525615
921,52361103301,146.863486084705,-36.136782827125
922,80652074960,146.893580665953,-36.110308581247
923,80652074961,146.893611451277,-36.109991125386
924,40052222400,146.378732255549,-36.369914234055
925,40052222401,146.378962398473,-36.370026947592
926,40052254630,146.454119349298,-36.394806425624
927,40052254631,146.468849300822,-36.404017389583
928,52362073460,146.869899810403,-36.109040732616
929,52362073461,146.870070041411,-36.108209684771
930,55101066410,146.904312516609,-36.091992756657
931,55101066411,146.903856018883,-36.092355401305
932,52362079190,146.868482235066,-36.115922093567
933,52362079191,146.868606527421,-36.114993481549
934,54892344120,146.692558897327,-36.657739640642
935,54892344121,146.691545391764,-36.659653435488
936,52362097370,146.865162524381,-36.131935783078
937,52362097371,146.865396647581,-36.130789223397
938,40052246050,146.445878338397,-36.391013746898
939,40052246051,146.448070679107,-36.392026797691
940,52360073660,146.869648207893,-36.109206836203
941,52360073661,146.869899810403,-36.109040732616
942,40052222270,146.375317721037,-36.368235486249
943,40052222271,146.378732255549,-36.369914234055
944,55101068370,146.901734402788,-36.096004983672
945,55101068371,146.900840238906,-36.097575408615
946,80152074930,146.893893497748,-36.110272097261
947,80152074931,146.899136427825,-36.109449536077
948,52362103090,146.863292627007,-36.136998628019
949,52362103091,146.863486084705,-36.136782827125
950,40052209330,146.350077321464,-36.356482624510
951,40052209331,146.353115357742,-36.357847756347
952,54892325720,146.696139134531,-36.593037184246
953,54892325721,146.690943134078,-36.599869497543
954,25700103690,146.908684472322,-36.136558604658
955,25700103691,146.908793653457,-36.136548634747
956,40052304740,146.691743316255,-36.535871418056
957,40052304741,146.693952172997,-36.544975277831
958,52362078100,146.868660678313,-36.114701100813
959,52362078101,146.869827182862,-36.109386791362
960,52362089970,146.866438027041,-36.125823702311
961,52362089971,146.866611349696,-36.124943413433
962,40052272740,146.539541830662,-36.432779348581
963,40052272741,146.542677953728,-36.433466077763
964,40052292590,146.668351773235,-36.502834355782
965,40052292591,146.675711824795,-36.507417842516
966,52362119990,146.877147358748,-36.152018268851
967,52362119991,146.874207094721,-36.148642442824
968,55101066850,146.903856018883,-36.092355401305
969,55101066851,146.903150520639,-36.093458332101
970,40052299950,146.691492393324,-36.533867764019
971,40052299951,146.691743316255,-36.535871418056
972,54892365120,146.664080924703,-36.716242048896
973,54892365121,146.659937482875,-36.713779135702
974,55100071720,146.895433896937,-36.105561331945
975,55100071721,146.897671678890,-36.102289160046
976,54892357410,146.674637895634,-36.689960281182
977,54892357411,146.670882228512,-36.696165772209
978,54892320330,146.704199236097,-36.574848881979
979,54892320331,146.698147725836,-36.579512863095
980,55100070280,146.897671678890,-36.102289160046
981,55100070281,146.898360533141,-36.101158814341
982,40052287380,146.634388569917,-36.479025116650
983,40052287381,146.658514999159,-36.484107388974
984,52362098030,146.865045214948,-36.132472226083
985,52362098031,146.865162524381,-36.131935783078
986,52362082210,146.867895725206,-36.118698720612
987,52362082211,146.868244690915,-36.117074123985
988,55101070310,146.898502137768,-36.101196491562
989,55101070311,146.897806903079,-36.102343311223
990,52362079590,146.868413911905,-36.116267047187
991,52362079591,146.868482235066,-36.115922093567
992,52361078480,146.868606527421,-36.114993481549
993,52361078481,146.868766846537,-36.114940539396
994,55101067850,146.903150520639,-36.093458332101
995,55101067851,146.901734402788,-36.096004983672
996,55101069370,146.900840238906,-36.097575408615
997,55101069371,146.898973415759,-36.100436724081
998,54892318250,146.715013077680,-36.571227412121
999,54892318251,146.713133289751,-36.573377198810
1000,54892364350,146.671125637648,-36.711398657183
1001,54892364351,146.670767522786,-36.713604336216
1002,55100074740,146.893611451277,-36.109991125386
1003,55100074741,146.893654666272,-36.109317848436
1004,52362084950,146.867336477706,-36.121470997850
1005,52362084951,146.867732537192,-36.119458465045
1006,54892343500,146.682249366710,-36.617600185357
1007,54892343501,146.692558897327,-36.657739640642
1008,55101071740,146.896460642765,-36.104484666442
1009,55101071741,146.895680445153,-36.105684623846
1010,54892326290,146.690943134078,-36.599869497543
1011,54892326291,146.690148616764,-36.600779290990
1012,52362083230,146.867732537192,-36.119458465045
1013,52362083231,146.867895725206,-36.118698720612
1014,55101073920,146.895131282227,-36.106571255972
1015,55101073921,146.894169430452,-36.108997256351
1016,52362072280,146.870287821946,-36.107221918910
1017,52362072281,146.870339841915,-36.106995247919
1018,40052287810,146.658514999159,-36.484107388974
1019,40052287811,146.658704256438,-36.487097771628
1020,52362110770,146.862933768977,-36.142301467517
1021,52362110771,146.862413689978,-36.141155381526
1022,40052275960,146.543011482922,-36.433716754884
1023,40052275961,146.547701233373,-36.441932409249
1024,80662074660,146.899352250601,-36.109806413431
1025,80662074661,146.899354830646,-36.109602784845
1026,52362117730,146.874207094721,-36.148642442824
1027,52362117731,146.873915154375,-36.148667769473
1028,54892354850,146.678633497731,-36.681721403809
1029,54892354851,146.674756537602,-36.689764133786
1030,52362072190,146.870339841915,-36.106995247919
1031,52362072191,146.870491733005,-36.106341784981
1032,40052220690,146.375052405755,-36.368104788985
1033,40052220691,146.375317721037,-36.368235486249
1034,52362117590,146.873875241053,-36.148501926562
1035,52362117591,146.872887247550,-36.148164772563
1036,52182077950,146.865886199582,-36.113086478328
1037,52182077951,146.867923745396,-36.114416854866
1038,40052248410,146.448070679107,-36.392026797691
1039,40052248411,146.454119349298,-36.394806425624
1040,52362086120,146.867101492404,-36.122498660568
1041,52362086121,146.867265732941,-36.121798924593
1042,40052286430,146.617486448140,-36.476249054282
1043,40052286431,146.634388569917,-36.479025116650
1044,54892350460,146.691246776739,-36.659988568151
1045,54892350461,146.681002915233,-36.677332108502
1046,52180075470,146.862523194906,-36.110687342392
1047,52180075471,146.863415136471,-36.111348709374
1048,40052236120,146.389927529403,-36.375431377579
1049,40052236121,146.406324107996,-36.381919235152
1050,40052267170,146.495036234354,-36.418803844875
1051,40052267171,146.509129546718,-36.424659100760
1052,52181075650,146.863362534910,-36.111582164929
1053,52181075651,146.863310750227,-36.111453931413
1054,54892318540,146.713133289751,-36.573377198810
1055,54892318541,146.712499902345,-36.574026010123
1056,40052263300,146.485965206556,-36.414514801216
1057,40052263301,146.495036234354,-36.418803844875
1058,52182078150,146.867923745396,-36.114416854866
1059,52182078151,146.868479233387,-36.114758806174
1060,40052285390,146.584880727786,-36.466357752127
1061,40052285391,146.606120726487,-36.474418454002
1062,54892316430,146.717311372824,-36.567805948829
1063,54892316431,146.716451630721,-36.568823713563
1064,52362090980,146.866257717786,-36.126834367209
1065,52362090981,146.866438027041,-36.125823702311
1066,52362085140,146.867197515588,-36.121777366484
1067,52362085141,146.867336477706,-36.121470997850
1068,54892344260,146.691545391764,-36.659653435488
1069,54892344261,146.691246776739,-36.659988568151
1070,54892316590,146.716451630721,-36.568823713563
1071,54892316591,146.716198898133,-36.569239151302
1072,54892318800,146.704583205617,-36.574811805694
1073,54892318801,146.704199236097,-36.574848881979
1074,52362071860,146.870491733005,-36.106341784981
1075,52362071861,146.870595961096,-36.105918799594
1076,55101071270,146.897806903079,-36.102343311223
1077,55101071271,146.896460642765,-36.104484666442
1078,52361103430,146.863358948261,-36.137046393162
1079,52361103431,146.863597334533,-36.136978525615
1080,55100066340,146.903715947724,-36.092278448893
1081,55100066341,146.904289185593,-36.091851864297
1082,52361117580,146.874105667411,-36.148415939224
1083,52361117581,146.873875241053,-36.148501926562
1084,52362107540,146.862205622983,-36.140150596870
1085,52362107541,146.863358948261,-36.137046393162
1086,40052295630,146.675711824795,-36.507417842516
1087,40052295631,146.680455927877,-36.521372174421
1088,52362091110,146.866079816083,-36.127052065748
1089,52362091111,146.866257717786,-36.126834367209
1090,25701084640,146.910588060301,-36.120035790734
1091,25701084641,146.910980734815,-36.120357695446
1092,52181076840,146.865556599892,-36.112871269464
1093,52181076841,146.863557455464,-36.111607048648
1094,52362115280,146.869447881433,-36.146334254719
1095,52362115281,146.867435049955,-36.145229155743
1096,40052296770,146.682213328034,-36.523390632292
1097,40052296771,146.685446701956,-36.526783316365
1098,40052207420,146.345970144099,-36.354657628280
1099,40052207421,146.350077321464,-36.356482624510
1100,52362117650,146.873915154375,-36.148667769473
1101,52362117651,146.873875241053,-36.148501926562
1102,54892317300,146.716198898133,-36.569239151302
1103,54892317301,146.715013077680,-36.571227412121
1104,54892354970,146.674756537602,-36.689764133786
1105,54892354971,146.674637895634,-36.689960281182
1106,40052285810,146.608292715911,-36.474744354714
1107,40052285811,146.616844460327,-36.476142736821
1108,40052218960,146.363331017851,-36.362360009444
1109,40052218961,146.371923369877,-36.366589557741
1110,52362108950,146.862386042431,-36.141051173618
1111,52362108951,146.862205622983,-36.140150596870
1112,40052244250,146.406324107996,-36.381919235152
1113,40052244251,146.444360198648,-36.390506704684
1114,52361091390,146.866202141125,-36.127121812672
1115,52361091391,146.866410302047,-36.127005553692
1116,54892315590,146.721770014311,-36.563173183589
1117,54892315591,146.718864575226,-36.566222974782
1118,40052291570,146.660599293388,-36.495199680308
1119,40052291571,146.668351773235,-36.502834355782
1120,52361073710,146.870076616463,-36.109247638349
1121,52361073711,146.869899810403,-36.109040732616
1122,52362101200,146.863965453773,-36.135490671361
1123,52362101201,146.864178091534,-36.135120586645
1124,55100067820,146.901581027411,-36.095961227434
1125,55100067821,146.903472947353,-36.092542065486
1126,54892326450,146.690148616764,-36.600779290990
1127,54892326451,146.689778607932,-36.601160606421
1128,40052268500,146.509129546718,-36.424659100760
1129,40052268501,146.515245617743,-36.426733543116
1130,52361078410,146.868766846537,-36.114940539396
1131,52361078411,146.868660678313,-36.114701100813
1132,40052258090,146.468950023009,-36.404079877945
1133,40052258091,146.477157236999,-36.409141158009
1134,40052272860,146.542677953728,-36.433466077763
1135,40052272861,146.543011482922,-36.433716754884
1136,40052289330,146.658704256438,-36.487097771628
1137,40052289331,146.656879608770,-36.491027716457
1138,40052279550,146.553694593703,-36.453032307485
1139,40052279551,146.556349311507,-36.454247778093
1140,54892362430,146.670882228512,-36.696165772209
1141,54892362431,146.671181302528,-36.707714293425
1142,40052279320,146.547701233373,-36.441932409249
1143,40052279321,146.553694593703,-36.453032307485
1144,40052309860,146.696031143996,-36.550046896982
1145,40052309861,146.710961431749,-36.552945683769
1146,52361085180,146.867505353556,-36.121667938372
1147,52361085181,146.867336477706,-36.121470997850
1148,40052312900,146.712315965460,-36.553760581074
1149,40052312901,146.719811728249,-36.558341520870
1150,54892351350,146.677753249299,-36.680195927703
1151,54892351351,146.677819247055,-36.680322429765
1152,40052313440,146.719811728249,-36.558341520870
1153,40052313441,146.721833140809,-36.559543505983
1154,52362103410,146.863358948261,-36.137046393162
1155,52362103411,146.863292627007,-36.136998628019
1156,52362102820,146.863486084705,-36.136782827125
1157,52362102821,146.863965453773,-36.135490671361
1158,55100072840,146.893717055749,-36.107809026996
1159,55100072841,146.894594994369,-36.106347201958
1160,52181075560,146.863310750227,-36.111453931413
1161,52181075561,146.862410578990,-36.110832284563
1162,40052297450,146.685446701956,-36.526783316365
1163,40052297451,146.687831412388,-36.529183657002
1164,55101066070,146.906098749380,-36.091439335604
1165,55101066071,146.905773569139,-36.091545174113
1166,40052272500,146.534342947845,-36.432170162232
1167,40052272501,146.539541830662,-36.432779348581
1168,1009,146.37065158469036,-36.33067394458289
1169,1010,146.8534483558495,-36.104323492095766
