ItemIdentifier,DueDate,OptStartDate,DaysToDue,Score
2784094,2024-06-30 16:00:00.000,2023-10-17 07:30:00,257.3541666666667,50.0
2968722,2024-06-30 15:00:00.000,2023-10-17 07:30:00,257.3125,50.0
2968817,2024-06-30 15:00:00.000,2023-10-17 07:30:00,257.3125,50.0
2968978,2024-06-30 15:00:00.000,2023-10-17 07:30:00,257.3125,50.0
2968544,2024-06-30 15:00:00.000,2023-10-17 07:30:00,257.3125,50.0
2784653,2024-06-30 16:00:00.000,2023-10-17 07:30:00,257.3541666666667,50.0
2968834,2024-06-30 15:00:00.000,2023-10-17 07:30:00,257.3125,50.0
2784836,2024-06-30 16:00:00.000,2023-10-17 07:30:00,257.3541666666667,50.0
2851621,2024-06-30 15:00:00.000,2023-10-17 07:30:00,257.3125,50.0
2784989,2024-06-30 16:00:00.000,2023-10-17 07:30:00,257.3541666666667,50.0
2968664,2024-06-30 15:00:00.000,2023-10-17 07:30:00,257.3125,50.0
2969251,2024-06-30 15:00:00.000,2023-10-17 07:30:00,257.3125,50.0
2968854,2024-06-30 15:00:00.000,2023-10-17 07:30:00,257.3125,50.0
2784552,2024-06-30 16:00:00.000,2023-10-17 07:30:00,257.3541666666667,50.0
2969012,2024-06-30 15:00:00.000,2023-10-17 07:30:00,257.3125,50.0
2968659,2024-06-30 15:00:00.000,2023-10-17 07:30:00,257.3125,50.0
2968611,2024-06-30 15:00:00.000,2023-10-17 07:30:00,257.3125,50.0
2969218,2024-06-30 15:00:00.000,2023-10-17 07:30:00,257.3125,50.0
2968615,2024-06-30 15:00:00.000,2023-10-17 07:30:00,257.3125,50.0
2783874,2024-06-30 16:00:00.000,2023-10-17 07:30:00,257.3541666666667,50.0
2784858,2024-06-30 16:00:00.000,2023-10-17 07:30:00,257.3541666666667,50.0
2968976,2024-06-30 15:00:00.000,2023-10-17 07:30:00,257.3125,50.0
2851365,2024-06-30 15:00:00.000,2023-10-17 07:30:00,257.3125,50.0
2784138,2024-06-30 16:00:00.000,2023-10-17 07:30:00,257.3541666666667,50.0
2784890,2024-06-30 16:00:00.000,2023-10-17 07:30:00,257.3541666666667,50.0
2784150,2024-06-30 16:00:00.000,2023-10-17 07:30:00,257.3541666666667,50.0
2737322,2024-04-15 00:00:00.000,2023-10-17 07:30:00,180.6875,50.0
2968556,2024-06-30 15:00:00.000,2023-10-17 07:30:00,257.3125,50.0
2968652,2024-06-30 15:00:00.000,2023-10-17 07:30:00,257.3125,50.0
3025135,2023-11-02 10:39:26.917,2023-10-17 07:30:00,16.13156153935185,55.466636000126464
2968996,2024-06-30 15:00:00.000,2023-10-17 07:30:00,257.3125,50.0
2784166,2024-06-30 16:00:00.000,2023-10-17 07:30:00,257.3541666666667,50.0
2783920,2024-06-30 16:00:00.000,2023-10-17 07:30:00,257.3541666666667,50.0
2784617,2024-06-30 16:00:00.000,2023-10-17 07:30:00,257.3541666666667,50.0
2784868,2024-06-30 16:00:00.000,2023-10-17 07:30:00,257.3541666666667,50.0
2968540,2024-06-30 15:00:00.000,2023-10-17 07:30:00,257.3125,50.0
2969028,2024-06-30 15:00:00.000,2023-10-17 07:30:00,257.3125,50.0
2807790,2024-04-15 00:00:00.000,2023-10-17 07:30:00,180.6875,50.0
2851411,2024-06-30 15:00:00.000,2023-10-17 07:30:00,257.3125,50.0
2968677,2024-06-30 15:00:00.000,2023-10-17 07:30:00,257.3125,50.0
2968532,2024-06-30 15:00:00.000,2023-10-17 07:30:00,257.3125,50.0
2784012,2024-06-30 16:00:00.000,2023-10-17 07:30:00,257.3541666666667,50.0
2784859,2024-06-30 16:00:00.000,2023-10-17 07:30:00,257.3541666666667,50.0
2763324,2024-04-15 00:00:00.000,2023-10-17 07:30:00,180.6875,50.0
2851772,2024-06-30 15:00:00.000,2023-10-17 07:30:00,257.3125,50.0
2968729,2024-06-30 15:00:00.000,2023-10-17 07:30:00,257.3125,50.0
2851282,2024-06-30 15:00:00.000,2023-10-17 07:30:00,257.3125,50.0
3039770,2024-04-15 00:00:00.000,2023-10-17 07:30:00,180.6875,50.0
2851610,2024-06-30 15:00:00.000,2023-10-17 07:30:00,257.3125,50.0
2851644,2024-06-30 15:00:00.000,2023-10-17 07:30:00,257.3125,50.0
2968995,2024-06-30 15:00:00.000,2023-10-17 07:30:00,257.3125,50.0
2784513,2024-06-30 16:00:00.000,2023-10-17 07:30:00,257.3541666666667,50.0
2744662,2024-04-15 00:00:00.000,2023-10-17 07:30:00,180.6875,50.0
2969174,2024-06-30 15:00:00.000,2023-10-17 07:30:00,257.3125,50.0
2968963,2024-06-30 15:00:00.000,2023-10-17 07:30:00,257.3125,50.0
2885143,2024-04-15 00:00:00.000,2023-10-17 07:30:00,180.6875,50.0
2784514,2024-06-30 16:00:00.000,2023-10-17 07:30:00,257.3541666666667,50.0
2783919,2024-06-30 16:00:00.000,2023-10-17 07:30:00,257.3541666666667,50.0
2851272,2024-06-30 15:00:00.000,2023-10-17 07:30:00,257.3125,50.0
2968648,2024-06-30 15:00:00.000,2023-10-17 07:30:00,257.3125,50.0
2784949,2024-06-30 16:00:00.000,2023-10-17 07:30:00,257.3541666666667,50.0
2968676,2024-06-30 15:00:00.000,2023-10-17 07:30:00,257.3125,50.0
2851703,2024-06-30 15:00:00.000,2023-10-17 07:30:00,257.3125,50.0
2968804,2024-06-30 15:00:00.000,2023-10-17 07:30:00,257.3125,50.0
2968548,2024-06-30 15:00:00.000,2023-10-17 07:30:00,257.3125,50.0
2784359,2024-06-30 16:00:00.000,2023-10-17 07:30:00,257.3541666666667,50.0
2784526,2024-06-30 16:00:00.000,2023-10-17 07:30:00,257.3541666666667,50.0
2968683,2024-06-30 15:00:00.000,2023-10-17 07:30:00,257.3125,50.0
2968687,2024-06-30 15:00:00.000,2023-10-17 07:30:00,257.3125,50.0
2744611,2024-04-15 00:00:00.000,2023-10-17 07:30:00,180.6875,50.0
2784515,2024-06-30 16:00:00.000,2023-10-17 07:30:00,257.3541666666667,50.0
2784520,2024-06-30 16:00:00.000,2023-10-17 07:30:00,257.3541666666667,50.0
2968913,2024-06-30 15:00:00.000,2023-10-17 07:30:00,257.3125,50.0
2784317,2024-06-30 16:00:00.000,2023-10-17 07:30:00,257.3541666666667,50.0
2851332,2024-06-30 15:00:00.000,2023-10-17 07:30:00,257.3125,50.0
2784952,2024-06-30 16:00:00.000,2023-10-17 07:30:00,257.3541666666667,50.0
2968833,2024-06-30 15:00:00.000,2023-10-17 07:30:00,257.3125,50.0
2851609,2024-06-30 15:00:00.000,2023-10-17 07:30:00,257.3125,50.0
2784834,2024-06-30 16:00:00.000,2023-10-17 07:30:00,257.3541666666667,50.0
2968790,2024-06-30 15:00:00.000,2023-10-17 07:30:00,257.3125,50.0
2784798,2024-06-30 16:00:00.000,2023-10-17 07:30:00,257.3541666666667,50.0
2968717,2024-06-30 15:00:00.000,2023-10-17 07:30:00,257.3125,50.0
2851619,2024-06-30 15:00:00.000,2023-10-17 07:30:00,257.3125,50.0
2784393,2024-06-30 16:00:00.000,2023-10-17 07:30:00,257.3541666666667,50.0
2968714,2024-06-30 15:00:00.000,2023-10-17 07:30:00,257.3125,50.0
2851700,2024-06-30 15:00:00.000,2023-10-17 07:30:00,257.3125,50.0
2784884,2024-06-30 16:00:00.000,2023-10-17 07:30:00,257.3541666666667,50.0
2745584,2024-04-15 00:00:00.000,2023-10-17 07:30:00,180.6875,50.0
3026866,2023-10-26 15:29:49.337,2023-10-17 07:30:00,9.333209918981483,74.92002656837867
2968909,2024-06-30 15:00:00.000,2023-10-17 07:30:00,257.3125,50.0
2790698,2023-10-27 14:50:14.200,2023-10-17 07:30:00,10.305719907407408,70.05868902205766
2963164,2024-04-15 00:00:00.000,2023-10-17 07:30:00,180.6875,50.0
2784334,2024-06-30 16:00:00.000,2023-10-17 07:30:00,257.3541666666667,50.0
2851321,2024-06-30 15:00:00.000,2023-10-17 07:30:00,257.3125,50.0
2968789,2024-06-30 15:00:00.000,2023-10-17 07:30:00,257.3125,50.0
2966122,2024-06-30 15:00:00.000,2023-10-17 07:30:00,257.3125,50.0
2968830,2024-06-30 15:00:00.000,2023-10-17 07:30:00,257.3125,50.0
2968958,2024-06-30 15:00:00.000,2023-10-17 07:30:00,257.3125,50.0
2784998,2024-06-30 16:00:00.000,2023-10-17 07:30:00,257.3541666666667,50.0
2999762,2024-04-15 00:00:00.000,2023-10-17 07:30:00,180.6875,50.0
2968663,2024-06-30 15:00:00.000,2023-10-17 07:30:00,257.3125,50.0
2784804,2024-06-30 16:00:00.000,2023-10-17 07:30:00,257.3541666666667,50.0
2968551,2024-06-30 15:00:00.000,2023-10-17 07:30:00,257.3125,50.0
2969001,2024-06-30 15:00:00.000,2023-10-17 07:30:00,257.3125,50.0
2909241,2024-04-15 00:00:00.000,2023-10-17 07:30:00,180.6875,50.0
2851400,2024-06-30 15:00:00.000,2023-10-17 07:30:00,257.3125,50.0
2968610,2024-06-30 15:00:00.000,2023-10-17 07:30:00,257.3125,50.0
2784107,2024-06-30 16:00:00.000,2023-10-17 07:30:00,257.3541666666667,50.0
2851729,2024-06-30 15:00:00.000,2023-10-17 07:30:00,257.3125,50.0
2851670,2024-06-30 15:00:00.000,2023-10-17 07:30:00,257.3125,50.0
3031086,2024-04-15 00:00:00.000,2023-10-17 07:30:00,180.6875,50.0
2851602,2024-06-30 15:00:00.000,2023-10-17 07:30:00,257.3125,50.0
3024880,2023-10-19 09:52:50.037,2023-10-17 07:30:00,2.099190243055556,175.19801461448483
2968608,2024-06-30 15:00:00.000,2023-10-17 07:30:00,257.3125,50.0
2784619,2024-06-30 16:00:00.000,2023-10-17 07:30:00,257.3541666666667,50.0
2784928,2024-06-30 16:00:00.000,2023-10-17 07:30:00,257.3541666666667,50.0
2851652,2024-06-30 15:00:00.000,2023-10-17 07:30:00,257.3125,50.0
2785006,2024-06-30 16:00:00.000,2023-10-17 07:30:00,257.3541666666667,50.0
2968682,2024-06-30 15:00:00.000,2023-10-17 07:30:00,257.3125,50.0
2784519,2024-06-30 16:00:00.000,2023-10-17 07:30:00,257.3541666666667,50.0
2968587,2024-06-30 15:00:00.000,2023-10-17 07:30:00,257.3125,50.0
2785004,2024-06-30 16:00:00.000,2023-10-17 07:30:00,257.3541666666667,50.0
2851710,2024-06-30 15:00:00.000,2023-10-17 07:30:00,257.3125,50.0
2968956,2024-06-30 15:00:00.000,2023-10-17 07:30:00,257.3125,50.0
2784530,2024-06-30 16:00:00.000,2023-10-17 07:30:00,257.3541666666667,50.0
2784926,2024-06-30 16:00:00.000,2023-10-17 07:30:00,257.3541666666667,50.0
2784980,2024-06-30 16:00:00.000,2023-10-17 07:30:00,257.3541666666667,50.0
2968965,2024-06-30 15:00:00.000,2023-10-17 07:30:00,257.3125,50.0
2784965,2024-06-30 16:00:00.000,2023-10-17 07:30:00,257.3541666666667,50.0
2784879,2024-06-30 16:00:00.000,2023-10-17 07:30:00,257.3541666666667,50.0
2851676,2024-06-30 15:00:00.000,2023-10-17 07:30:00,257.3125,50.0
2784536,2024-06-30 16:00:00.000,2023-10-17 07:30:00,257.3541666666667,50.0
2968837,2024-06-30 15:00:00.000,2023-10-17 07:30:00,257.3125,50.0
2784303,2024-06-30 16:00:00.000,2023-10-17 07:30:00,257.3541666666667,50.0
2851760,2024-06-30 15:00:00.000,2023-10-17 07:30:00,257.3125,50.0
2969101,2024-06-30 15:00:00.000,2023-10-17 07:30:00,257.3125,50.0
3025549,2023-10-19 11:28:31.017,2023-10-17 07:30:00,2.1656367708333333,173.3553835644546
2968711,2024-06-30 15:00:00.000,2023-10-17 07:30:00,257.3125,50.0
2968984,2024-06-30 15:00:00.000,2023-10-17 07:30:00,257.3125,50.0
2764207,2024-04-15 00:00:00.000,2023-10-17 07:30:00,180.6875,50.0
2969255,2024-06-30 15:00:00.000,2023-10-17 07:30:00,257.3125,50.0
2851608,2024-06-30 15:00:00.000,2023-10-17 07:30:00,257.3125,50.0
2784492,2024-06-30 16:00:00.000,2023-10-17 07:30:00,257.3541666666667,50.0
2968585,2024-06-30 15:00:00.000,2023-10-17 07:30:00,257.3125,50.0
2968930,2024-06-30 15:00:00.000,2023-10-17 07:30:00,257.3125,50.0
2784586,2024-06-30 16:00:00.000,2023-10-17 07:30:00,257.3541666666667,50.0
2783978,2024-06-30 16:00:00.000,2023-10-17 07:30:00,257.3541666666667,50.0
2851626,2024-06-30 15:00:00.000,2023-10-17 07:30:00,257.3125,50.0
2851625,2024-06-30 15:00:00.000,2023-10-17 07:30:00,257.3125,50.0
2969013,2024-06-30 15:00:00.000,2023-10-17 07:30:00,257.3125,50.0
2968731,2024-06-30 15:00:00.000,2023-10-17 07:30:00,257.3125,50.0
2784724,2024-06-30 16:00:00.000,2023-10-17 07:30:00,257.3541666666667,50.0
2968666,2024-06-30 15:00:00.000,2023-10-17 07:30:00,257.3125,50.0
2966121,2024-04-15 00:00:00.000,2023-10-17 07:30:00,180.6875,50.0
2784578,2024-06-30 16:00:00.000,2023-10-17 07:30:00,257.3541666666667,50.0
2968690,2024-06-30 15:00:00.000,2023-10-17 07:30:00,257.3125,50.0
2968733,2024-06-30 15:00:00.000,2023-10-17 07:30:00,257.3125,50.0
2968680,2024-06-30 15:00:00.000,2023-10-17 07:30:00,257.3125,50.0
3031198,2023-10-25 13:35:11.173,2023-10-17 07:30:00,8.253601539351852,81.70832954136239
2968797,2024-06-30 15:00:00.000,2023-10-17 07:30:00,257.3125,50.0
2784106,2024-06-30 16:00:00.000,2023-10-17 07:30:00,257.3541666666667,50.0
2746039,2024-04-15 00:00:00.000,2023-10-17 07:30:00,180.6875,50.0
2784832,2024-06-30 16:00:00.000,2023-10-17 07:30:00,257.3541666666667,50.0
2784040,2024-06-30 16:00:00.000,2023-10-17 07:30:00,257.3541666666667,50.0
2784896,2024-06-30 16:00:00.000,2023-10-17 07:30:00,257.3541666666667,50.0
2784796,2024-06-30 16:00:00.000,2023-10-17 07:30:00,257.3541666666667,50.0
2851688,2024-06-30 15:00:00.000,2023-10-17 07:30:00,257.3125,50.0
2783944,2024-06-30 16:00:00.000,2023-10-17 07:30:00,257.3541666666667,50.0
2719830,2023-10-23 16:11:44.817,2023-10-17 07:30:00,6.362324270833334,98.35674588747571
2783861,2024-06-30 16:00:00.000,2023-10-17 07:30:00,257.3541666666667,50.0
2968710,2024-06-30 15:00:00.000,2023-10-17 07:30:00,257.3125,50.0
2851452,2024-06-30 15:00:00.000,2023-10-17 07:30:00,257.3125,50.0
2969016,2024-06-30 15:00:00.000,2023-10-17 07:30:00,257.3125,50.0
2851281,2024-06-30 15:00:00.000,2023-10-17 07:30:00,257.3125,50.0
2968906,2024-06-30 15:00:00.000,2023-10-17 07:30:00,257.3125,50.0
2968844,2024-06-30 15:00:00.000,2023-10-17 07:30:00,257.3125,50.0
2784728,2024-06-30 16:00:00.000,2023-10-17 07:30:00,257.3541666666667,50.0
2968547,2024-06-30 15:00:00.000,2023-10-17 07:30:00,257.3125,50.0
2969175,2024-06-30 15:00:00.000,2023-10-17 07:30:00,257.3125,50.0
2784461,2024-06-30 16:00:00.000,2023-10-17 07:30:00,257.3541666666667,50.0
2968997,2024-06-30 15:00:00.000,2023-10-17 07:30:00,257.3125,50.0
2851364,2024-06-30 15:00:00.000,2023-10-17 07:30:00,257.3125,50.0
2968624,2024-06-30 15:00:00.000,2023-10-17 07:30:00,257.3125,50.0
2968655,2024-06-30 15:00:00.000,2023-10-17 07:30:00,257.3125,50.0
2968538,2024-06-30 15:00:00.000,2023-10-17 07:30:00,257.3125,50.0
2968824,2024-06-30 15:00:00.000,2023-10-17 07:30:00,257.3125,50.0
2968897,2024-06-30 15:00:00.000,2023-10-17 07:30:00,257.3125,50.0
2784508,2024-06-30 16:00:00.000,2023-10-17 07:30:00,257.3541666666667,50.0
2968657,2024-06-30 15:00:00.000,2023-10-17 07:30:00,257.3125,50.0
2784812,2024-06-30 16:00:00.000,2023-10-17 07:30:00,257.3541666666667,50.0
2968820,2024-06-30 15:00:00.000,2023-10-17 07:30:00,257.3125,50.0
2784355,2024-06-30 16:00:00.000,2023-10-17 07:30:00,257.3541666666667,50.0
2851649,2024-06-30 15:00:00.000,2023-10-17 07:30:00,257.3125,50.0
2968982,2024-06-30 15:00:00.000,2023-10-17 07:30:00,257.3125,50.0
2968607,2024-06-30 15:00:00.000,2023-10-17 07:30:00,257.3125,50.0
2968614,2024-06-30 15:00:00.000,2023-10-17 07:30:00,257.3125,50.0
2737928,2024-04-15 00:00:00.000,2023-10-17 07:30:00,180.6875,50.0
2784582,2024-06-30 16:00:00.000,2023-10-17 07:30:00,257.3541666666667,50.0
2969229,2024-06-30 15:00:00.000,2023-10-17 07:30:00,257.3125,50.0
2812169,2023-10-25 14:55:41.343,2023-10-17 07:30:00,8.309506284722222,81.3152319989763
3041452,2024-04-15 00:00:00.000,2023-10-17 07:30:00,180.6875,50.0
2745767,2024-04-15 00:00:00.000,2023-10-17 07:30:00,180.6875,50.0
2746059,2024-04-15 00:00:00.000,2023-10-17 07:30:00,180.6875,50.0
2885102,2024-04-15 00:00:00.000,2023-10-17 07:30:00,180.6875,50.0
2662626,2024-06-30 16:00:00.000,2023-10-17 07:30:00,257.3541666666667,50.0
2784835,2024-06-30 16:00:00.000,2023-10-17 07:30:00,257.3541666666667,50.0
2851357,2024-06-30 15:00:00.000,2023-10-17 07:30:00,257.3125,50.0
2968661,2024-06-30 15:00:00.000,2023-10-17 07:30:00,257.3125,50.0
2968865,2024-06-30 15:00:00.000,2023-10-17 07:30:00,257.3125,50.0
2968693,2024-06-30 15:00:00.000,2023-10-17 07:30:00,257.3125,50.0
2784967,2024-06-30 16:00:00.000,2023-10-17 07:30:00,257.3541666666667,50.0
2784850,2024-06-30 16:00:00.000,2023-10-17 07:30:00,257.3541666666667,50.0
2783963,2024-06-30 16:00:00.000,2023-10-17 07:30:00,257.3541666666667,50.0
2783885,2024-06-30 16:00:00.000,2023-10-17 07:30:00,257.3541666666667,50.0
2968698,2024-06-30 15:00:00.000,2023-10-17 07:30:00,257.3125,50.0
2968558,2024-06-30 15:00:00.000,2023-10-17 07:30:00,257.3125,50.0
2968681,2024-06-30 15:00:00.000,2023-10-17 07:30:00,257.3125,50.0
2968981,2024-06-30 15:00:00.000,2023-10-17 07:30:00,257.3125,50.0
2783957,2024-06-30 16:00:00.000,2023-10-17 07:30:00,257.3541666666667,50.0
2851713,2024-06-30 15:00:00.000,2023-10-17 07:30:00,257.3125,50.0
2968960,2024-06-30 15:00:00.000,2023-10-17 07:30:00,257.3125,50.0
2784853,2024-06-30 16:00:00.000,2023-10-17 07:30:00,257.3541666666667,50.0
2784335,2024-06-30 16:00:00.000,2023-10-17 07:30:00,257.3541666666667,50.0
2784054,2024-06-30 16:00:00.000,2023-10-17 07:30:00,257.3541666666667,50.0
2785588,2024-04-15 00:00:00.000,2023-10-17 07:30:00,180.6875,50.0
2851498,2024-06-30 15:00:00.000,2023-10-17 07:30:00,257.3125,50.0
2784200,2024-06-30 16:00:00.000,2023-10-17 07:30:00,257.3541666666667,50.0
2968999,2024-06-30 15:00:00.000,2023-10-17 07:30:00,257.3125,50.0
2968651,2024-06-30 15:00:00.000,2023-10-17 07:30:00,257.3125,50.0
2969121,2024-06-30 15:00:00.000,2023-10-17 07:30:00,257.3125,50.0
2968901,2024-06-30 15:00:00.000,2023-10-17 07:30:00,257.3125,50.0
2851499,2024-06-30 15:00:00.000,2023-10-17 07:30:00,257.3125,50.0
2784391,2024-06-30 16:00:00.000,2023-10-17 07:30:00,257.3541666666667,50.0
2851731,2024-06-30 15:00:00.000,2023-10-17 07:30:00,257.3125,50.0
2968694,2024-06-30 15:00:00.000,2023-10-17 07:30:00,257.3125,50.0
2968799,2024-06-30 15:00:00.000,2023-10-17 07:30:00,257.3125,50.0
3024784,2024-04-15 00:00:00.000,2023-10-17 07:30:00,180.6875,50.0
2968545,2024-06-30 15:00:00.000,2023-10-17 07:30:00,257.3125,50.0
2968705,2024-06-30 15:00:00.000,2023-10-17 07:30:00,257.3125,50.0
3034214,2024-04-15 00:00:00.000,2023-10-17 07:30:00,180.6875,50.0
2968674,2024-06-30 15:00:00.000,2023-10-17 07:30:00,257.3125,50.0
2968636,2024-06-30 15:00:00.000,2023-10-17 07:30:00,257.3125,50.0
2969088,2024-06-30 15:00:00.000,2023-10-17 07:30:00,257.3125,50.0
2784074,2024-06-30 16:00:00.000,2023-10-17 07:30:00,257.3541666666667,50.0
2871819,2023-10-23 16:16:11.010,2023-10-17 07:30:00,6.365405208333334,98.32351246883577
2968568,2024-06-30 15:00:00.000,2023-10-17 07:30:00,257.3125,50.0
2968905,2024-06-30 15:00:00.000,2023-10-17 07:30:00,257.3125,50.0
2784493,2024-06-30 16:00:00.000,2023-10-17 07:30:00,257.3541666666667,50.0
2783901,2024-06-30 16:00:00.000,2023-10-17 07:30:00,257.3541666666667,50.0
2968873,2024-06-30 15:00:00.000,2023-10-17 07:30:00,257.3125,50.0
2851689,2024-06-30 15:00:00.000,2023-10-17 07:30:00,257.3125,50.0
2784475,2024-06-30 16:00:00.000,2023-10-17 07:30:00,257.3541666666667,50.0
2968554,2024-06-30 15:00:00.000,2023-10-17 07:30:00,257.3125,50.0
2969286,2024-06-30 15:00:00.000,2023-10-17 07:30:00,257.3125,50.0
2784108,2024-06-30 16:00:00.000,2023-10-17 07:30:00,257.3541666666667,50.0
2968811,2024-06-30 15:00:00.000,2023-10-17 07:30:00,257.3125,50.0
2968974,2024-06-30 15:00:00.000,2023-10-17 07:30:00,257.3125,50.0
3037291,2023-10-25 15:38:08.273,2023-10-17 07:30:00,8.338984641203703,81.1099193768485
2968967,2024-06-30 15:00:00.000,2023-10-17 07:30:00,257.3125,50.0
2784029,2024-06-30 16:00:00.000,2023-10-17 07:30:00,257.3541666666667,50.0
2968887,2024-06-30 15:00:00.000,2023-10-17 07:30:00,257.3125,50.0
2968613,2024-06-30 15:00:00.000,2023-10-17 07:30:00,257.3125,50.0
2968969,2024-06-30 15:00:00.000,2023-10-17 07:30:00,257.3125,50.0
2968735,2024-06-30 15:00:00.000,2023-10-17 07:30:00,257.3125,50.0
3024756,2024-04-15 00:00:00.000,2023-10-17 07:30:00,180.6875,50.0
2968841,2024-06-30 15:00:00.000,2023-10-17 07:30:00,257.3125,50.0
2968835,2024-06-30 15:00:00.000,2023-10-17 07:30:00,257.3125,50.0
2963356,2024-04-15 00:00:00.000,2023-10-17 07:30:00,180.6875,50.0
2969036,2024-06-30 15:00:00.000,2023-10-17 07:30:00,257.3125,50.0
2851598,2024-06-30 15:00:00.000,2023-10-17 07:30:00,257.3125,50.0
2784931,2024-06-30 16:00:00.000,2023-10-17 07:30:00,257.3541666666667,50.0
2851352,2024-06-30 15:00:00.000,2023-10-17 07:30:00,257.3125,50.0
2615098,2024-06-30 16:00:00.000,2023-10-17 07:30:00,257.3541666666667,50.0
2968986,2024-06-30 15:00:00.000,2023-10-17 07:30:00,257.3125,50.0
2784162,2024-06-30 16:00:00.000,2023-10-17 07:30:00,257.3541666666667,50.0
2784313,2024-06-30 16:00:00.000,2023-10-17 07:30:00,257.3541666666667,50.0
2785025,2024-06-30 16:00:00.000,2023-10-17 07:30:00,257.3541666666667,50.0
2968916,2024-06-30 15:00:00.000,2023-10-17 07:30:00,257.3125,50.0
2968864,2024-06-30 15:00:00.000,2023-10-17 07:30:00,257.3125,50.0
2968734,2024-06-30 15:00:00.000,2023-10-17 07:30:00,257.3125,50.0
2784831,2024-06-30 16:00:00.000,2023-10-17 07:30:00,257.3541666666667,50.0
2784146,2024-06-30 16:00:00.000,2023-10-17 07:30:00,257.3541666666667,50.0
2784168,2024-04-15 00:00:00.000,2023-10-17 07:30:00,180.6875,50.0
2764277,2024-04-15 00:00:00.000,2023-10-17 07:30:00,180.6875,50.0
2737270,2024-04-15 00:00:00.000,2023-10-17 07:30:00,180.6875,50.0
2784953,2024-06-30 16:00:00.000,2023-10-17 07:30:00,257.3541666666667,50.0
2966205,2024-06-30 15:00:00.000,2023-10-17 07:30:00,257.3125,50.0
2968549,2024-06-30 15:00:00.000,2023-10-17 07:30:00,257.3125,50.0
2968552,2024-06-30 15:00:00.000,2023-10-17 07:30:00,257.3125,50.0
2968973,2024-06-30 15:00:00.000,2023-10-17 07:30:00,257.3125,50.0
2929272,2024-04-15 00:00:00.000,2023-10-17 07:30:00,180.6875,50.0
2746005,2024-04-15 00:00:00.000,2023-10-17 07:30:00,180.6875,50.0
2851275,2024-06-30 15:00:00.000,2023-10-17 07:30:00,257.3125,50.0
2968654,2024-06-30 15:00:00.000,2023-10-17 07:30:00,257.3125,50.0
2968672,2024-06-30 15:00:00.000,2023-10-17 07:30:00,257.3125,50.0
2784775,2024-06-30 16:00:00.000,2023-10-17 07:30:00,257.3541666666667,50.0
2784509,2024-06-30 16:00:00.000,2023-10-17 07:30:00,257.3541666666667,50.0
3030296,2024-04-15 00:00:00.000,2023-10-17 07:30:00,180.6875,50.0
2851662,2024-06-30 15:00:00.000,2023-10-17 07:30:00,257.3125,50.0
2752054,2024-04-15 00:00:00.000,2023-10-17 07:30:00,180.6875,50.0
2968829,2024-06-30 15:00:00.000,2023-10-17 07:30:00,257.3125,50.0
2969294,2024-06-30 15:00:00.000,2023-10-17 07:30:00,257.3125,50.0
2851617,2024-06-30 15:00:00.000,2023-10-17 07:30:00,257.3125,50.0
2784486,2024-06-30 16:00:00.000,2023-10-17 07:30:00,257.3541666666667,50.0
2968929,2024-06-30 15:00:00.000,2023-10-17 07:30:00,257.3125,50.0
2784199,2024-06-30 16:00:00.000,2023-10-17 07:30:00,257.3541666666667,50.0
2968590,2024-06-30 15:00:00.000,2023-10-17 07:30:00,257.3125,50.0
2784691,2024-06-30 16:00:00.000,2023-10-17 07:30:00,257.3541666666667,50.0
2851747,2024-06-30 15:00:00.000,2023-10-17 07:30:00,257.3125,50.0
2968688,2024-06-30 15:00:00.000,2023-10-17 07:30:00,257.3125,50.0
2784549,2024-06-30 16:00:00.000,2023-10-17 07:30:00,257.3541666666667,50.0
2784974,2024-06-30 16:00:00.000,2023-10-17 07:30:00,257.3541666666667,50.0
2968726,2024-06-30 15:00:00.000,2023-10-17 07:30:00,257.3125,50.0
2811259,2024-04-15 00:00:00.000,2023-10-17 07:30:00,180.6875,50.0
2968612,2024-06-30 15:00:00.000,2023-10-17 07:30:00,257.3125,50.0
2968805,2024-06-30 15:00:00.000,2023-10-17 07:30:00,257.3125,50.0
2851405,2024-06-30 15:00:00.000,2023-10-17 07:30:00,257.3125,50.0
2784251,2024-06-30 16:00:00.000,2023-10-17 07:30:00,257.3541666666667,50.0
2615114,2024-06-30 16:00:00.000,2023-10-17 07:30:00,257.3541666666667,50.0
2968678,2024-06-30 15:00:00.000,2023-10-17 07:30:00,257.3125,50.0
2969107,2024-06-30 15:00:00.000,2023-10-17 07:30:00,257.3125,50.0
2851409,2024-06-30 15:00:00.000,2023-10-17 07:30:00,257.3125,50.0
2969176,2024-06-30 15:00:00.000,2023-10-17 07:30:00,257.3125,50.0
2969217,2024-06-30 15:00:00.000,2023-10-17 07:30:00,257.3125,50.0
2851606,2024-06-30 15:00:00.000,2023-10-17 07:30:00,257.3125,50.0
3001555,2024-04-15 00:00:00.000,2023-10-17 07:30:00,180.6875,50.0
2969225,2024-06-30 15:00:00.000,2023-10-17 07:30:00,257.3125,50.0
2784860,2024-06-30 16:00:00.000,2023-10-17 07:30:00,257.3541666666667,50.0
2784662,2024-06-30 16:00:00.000,2023-10-17 07:30:00,257.3541666666667,50.0
2851461,2024-06-30 15:00:00.000,2023-10-17 07:30:00,257.3125,50.0
2968589,2024-06-30 15:00:00.000,2023-10-17 07:30:00,257.3125,50.0
2968727,2024-06-30 15:00:00.000,2023-10-17 07:30:00,257.3125,50.0
2784983,2024-06-30 16:00:00.000,2023-10-17 07:30:00,257.3541666666667,50.0
2968599,2024-06-30 15:00:00.000,2023-10-17 07:30:00,257.3125,50.0
2968719,2024-06-30 15:00:00.000,2023-10-17 07:30:00,257.3125,50.0
2969281,2024-06-30 15:00:00.000,2023-10-17 07:30:00,257.3125,50.0
2784574,2024-06-30 16:00:00.000,2023-10-17 07:30:00,257.3541666666667,50.0
3014942,2024-04-15 00:00:00.000,2023-10-17 07:30:00,180.6875,50.0
2851406,2024-06-30 15:00:00.000,2023-10-17 07:30:00,257.3125,50.0
2851693,2024-06-30 15:00:00.000,2023-10-17 07:30:00,257.3125,50.0
2784221,2024-06-30 16:00:00.000,2023-10-17 07:30:00,257.3541666666667,50.0
2784988,2024-06-30 16:00:00.000,2023-10-17 07:30:00,257.3541666666667,50.0
2784677,2024-06-30 16:00:00.000,2023-10-17 07:30:00,257.3541666666667,50.0
2968566,2024-06-30 15:00:00.000,2023-10-17 07:30:00,257.3125,50.0
2784516,2024-06-30 16:00:00.000,2023-10-17 07:30:00,257.3541666666667,50.0
2968584,2024-06-30 15:00:00.000,2023-10-17 07:30:00,257.3125,50.0
2851502,2024-06-30 15:00:00.000,2023-10-17 07:30:00,257.3125,50.0
2784566,2024-06-30 16:00:00.000,2023-10-17 07:30:00,257.3541666666667,50.0
2968846,2024-06-30 15:00:00.000,2023-10-17 07:30:00,257.3125,50.0
2851600,2024-06-30 15:00:00.000,2023-10-17 07:30:00,257.3125,50.0
2885137,2024-04-15 00:00:00.000,2023-10-17 07:30:00,180.6875,50.0
2851537,2024-06-30 15:00:00.000,2023-10-17 07:30:00,257.3125,50.0
2969019,2024-06-30 15:00:00.000,2023-10-17 07:30:00,257.3125,50.0
2968588,2024-06-30 15:00:00.000,2023-10-17 07:30:00,257.3125,50.0
2851560,2024-06-30 15:00:00.000,2023-10-17 07:30:00,257.3125,50.0
2968855,2024-06-30 15:00:00.000,2023-10-17 07:30:00,257.3125,50.0
2968792,2024-06-30 15:00:00.000,2023-10-17 07:30:00,257.3125,50.0
2968646,2024-06-30 15:00:00.000,2023-10-17 07:30:00,257.3125,50.0
2851374,2024-06-30 15:00:00.000,2023-10-17 07:30:00,257.3125,50.0
2785029,2024-06-30 16:00:00.000,2023-10-17 07:30:00,257.3541666666667,50.0
2784527,2024-06-30 16:00:00.000,2023-10-17 07:30:00,257.3541666666667,50.0
3030439,2024-04-15 00:00:00.000,2023-10-17 07:30:00,180.6875,50.0
2784218,2024-06-30 16:00:00.000,2023-10-17 07:30:00,257.3541666666667,50.0
2745301,2024-04-15 00:00:00.000,2023-10-17 07:30:00,180.6875,50.0
2969282,2024-06-30 15:00:00.000,2023-10-17 07:30:00,257.3125,50.0
2784991,2024-06-30 16:00:00.000,2023-10-17 07:30:00,257.3541666666667,50.0
2968819,2024-06-30 15:00:00.000,2023-10-17 07:30:00,257.3125,50.0
2784324,2024-06-30 16:00:00.000,2023-10-17 07:30:00,257.3541666666667,50.0
2969010,2024-06-30 15:00:00.000,2023-10-17 07:30:00,257.3125,50.0
2851675,2024-06-30 15:00:00.000,2023-10-17 07:30:00,257.3125,50.0
2784491,2024-06-30 16:00:00.000,2023-10-17 07:30:00,257.3541666666667,50.0
2851382,2024-06-30 15:00:00.000,2023-10-17 07:30:00,257.3125,50.0
2784827,2024-06-30 16:00:00.000,2023-10-17 07:30:00,257.3541666666667,50.0
2968597,2024-06-30 15:00:00.000,2023-10-17 07:30:00,257.3125,50.0
2851650,2024-06-30 15:00:00.000,2023-10-17 07:30:00,257.3125,50.0
3030866,2024-04-15 00:00:00.000,2023-10-17 07:30:00,180.6875,50.0
2968631,2024-06-30 15:00:00.000,2023-10-17 07:30:00,257.3125,50.0
3041287,2024-04-15 00:00:00.000,2023-10-17 07:30:00,180.6875,50.0
2968822,2024-06-30 15:00:00.000,2023-10-17 07:30:00,257.3125,50.0
2968697,2024-06-30 15:00:00.000,2023-10-17 07:30:00,257.3125,50.0
2784030,2024-06-30 16:00:00.000,2023-10-17 07:30:00,257.3541666666667,50.0
2968728,2024-06-30 15:00:00.000,2023-10-17 07:30:00,257.3125,50.0
2784575,2024-06-30 16:00:00.000,2023-10-17 07:30:00,257.3541666666667,50.0
2785940,2024-04-15 00:00:00.000,2023-10-17 07:30:00,180.6875,50.0
2662628,2024-06-30 16:00:00.000,2023-10-17 07:30:00,257.3541666666667,50.0
2784440,2024-06-30 16:00:00.000,2023-10-17 07:30:00,257.3541666666667,50.0
2784992,2024-06-30 16:00:00.000,2023-10-17 07:30:00,257.3541666666667,50.0
2784370,2024-06-30 16:00:00.000,2023-10-17 07:30:00,257.3541666666667,50.0
2784009,2024-06-30 16:00:00.000,2023-10-17 07:30:00,257.3541666666667,50.0
2783859,2024-06-30 16:00:00.000,2023-10-17 07:30:00,257.3541666666667,50.0
2968703,2024-06-30 15:00:00.000,2023-10-17 07:30:00,257.3125,50.0
2968872,2024-06-30 15:00:00.000,2023-10-17 07:30:00,257.3125,50.0
2784147,2024-06-30 16:00:00.000,2023-10-17 07:30:00,257.3541666666667,50.0
2851279,2024-06-30 15:00:00.000,2023-10-17 07:30:00,257.3125,50.0
2981767,2023-10-23 15:04:18.567,2023-10-17 07:30:00,6.315492673611112,98.86473169615556
2851679,2024-06-30 15:00:00.000,2023-10-17 07:30:00,257.3125,50.0
2851758,2024-06-30 15:00:00.000,2023-10-17 07:30:00,257.3125,50.0
2968971,2024-06-30 15:00:00.000,2023-10-17 07:30:00,257.3125,50.0
2851633,2024-06-30 15:00:00.000,2023-10-17 07:30:00,257.3125,50.0
2851402,2024-06-30 15:00:00.000,2023-10-17 07:30:00,257.3125,50.0
2968975,2024-06-30 15:00:00.000,2023-10-17 07:30:00,257.3125,50.0
2815675,2023-10-27 14:48:18.323,2023-10-17 07:30:00,10.304378738425926,70.06469294866083
2851623,2024-06-30 15:00:00.000,2023-10-17 07:30:00,257.3125,50.0
2969214,2024-06-30 15:00:00.000,2023-10-17 07:30:00,257.3125,50.0
2784852,2024-06-30 16:00:00.000,2023-10-17 07:30:00,257.3541666666667,50.0
2968970,2024-06-30 15:00:00.000,2023-10-17 07:30:00,257.3125,50.0
2662627,2024-06-30 16:00:00.000,2023-10-17 07:30:00,257.3541666666667,50.0
3030481,2023-11-06 10:31:51.790,2023-10-17 07:30:00,20.12629386574074,52.241767637493105
2757231,2023-10-19 11:32:13.847,2023-10-17 07:30:00,2.1682158217592593,173.28441313970148
2968712,2024-06-30 15:00:00.000,2023-10-17 07:30:00,257.3125,50.0
2745246,2024-04-15 00:00:00.000,2023-10-17 07:30:00,180.6875,50.0
2851709,2024-06-30 15:00:00.000,2023-10-17 07:30:00,257.3125,50.0
2784396,2024-06-30 16:00:00.000,2023-10-17 07:30:00,257.3541666666667,50.0
2968798,2024-06-30 15:00:00.000,2023-10-17 07:30:00,257.3125,50.0
2968861,2024-06-30 15:00:00.000,2023-10-17 07:30:00,257.3125,50.0
2968810,2024-06-30 15:00:00.000,2023-10-17 07:30:00,257.3125,50.0
2851671,2024-06-30 15:00:00.000,2023-10-17 07:30:00,257.3125,50.0
2969026,2024-06-30 15:00:00.000,2023-10-17 07:30:00,257.3125,50.0
2784522,2024-06-30 16:00:00.000,2023-10-17 07:30:00,257.3541666666667,50.0
2968675,2024-06-30 15:00:00.000,2023-10-17 07:30:00,257.3125,50.0
2784222,2024-06-30 16:00:00.000,2023-10-17 07:30:00,257.3541666666667,50.0
2783907,2024-06-30 16:00:00.000,2023-10-17 07:30:00,257.3541666666667,50.0
2851667,2024-06-30 15:00:00.000,2023-10-17 07:30:00,257.3125,50.0
2968606,2024-06-30 15:00:00.000,2023-10-17 07:30:00,257.3125,50.0
2764874,2024-04-15 00:00:00.000,2023-10-17 07:30:00,180.6875,50.0
2968893,2024-06-30 15:00:00.000,2023-10-17 07:30:00,257.3125,50.0
2968885,2024-06-30 15:00:00.000,2023-10-17 07:30:00,257.3125,50.0
2736487,2023-10-25 15:21:42.147,2023-10-17 07:30:00,8.327571145833334,81.18925259129935
2785002,2024-06-30 16:00:00.000,2023-10-17 07:30:00,257.3541666666667,50.0
2784537,2024-06-30 16:00:00.000,2023-10-17 07:30:00,257.3541666666667,50.0
2851378,2024-06-30 15:00:00.000,2023-10-17 07:30:00,257.3125,50.0
2851685,2024-06-30 15:00:00.000,2023-10-17 07:30:00,257.3125,50.0
2969285,2024-06-30 15:00:00.000,2023-10-17 07:30:00,257.3125,50.0
2968686,2024-06-30 15:00:00.000,2023-10-17 07:30:00,257.3125,50.0
2784813,2024-06-30 16:00:00.000,2023-10-17 07:30:00,257.3541666666667,50.0
2969293,2024-06-30 15:00:00.000,2023-10-17 07:30:00,257.3125,50.0
2851696,2024-06-30 15:00:00.000,2023-10-17 07:30:00,257.3125,50.0
2969040,2024-06-30 15:00:00.000,2023-10-17 07:30:00,257.3125,50.0
2968563,2024-06-30 15:00:00.000,2023-10-17 07:30:00,257.3125,50.0
2783929,2024-06-30 16:00:00.000,2023-10-17 07:30:00,257.3541666666667,50.0
2662625,2024-06-30 16:00:00.000,2023-10-17 07:30:00,257.3541666666667,50.0
2969045,2024-06-30 15:00:00.000,2023-10-17 07:30:00,257.3125,50.0
2968876,2024-06-30 15:00:00.000,2023-10-17 07:30:00,257.3125,50.0
2968732,2024-06-30 15:00:00.000,2023-10-17 07:30:00,257.3125,50.0
2968706,2024-06-30 15:00:00.000,2023-10-17 07:30:00,257.3125,50.0
2851582,2024-06-30 15:00:00.000,2023-10-17 07:30:00,257.3125,50.0
2766019,2023-10-25 14:53:37.477,2023-10-17 07:30:00,8.308072650462963,81.32525153966793
2784861,2024-06-30 16:00:00.000,2023-10-17 07:30:00,257.3541666666667,50.0
2851653,2024-06-30 15:00:00.000,2023-10-17 07:30:00,257.3125,50.0
2969018,2024-06-30 15:00:00.000,2023-10-17 07:30:00,257.3125,50.0
2851651,2024-06-30 15:00:00.000,2023-10-17 07:30:00,257.3125,50.0
2969220,2024-06-30 15:00:00.000,2023-10-17 07:30:00,257.3125,50.0
2764191,2024-04-15 00:00:00.000,2023-10-17 07:30:00,180.6875,50.0
2784791,2024-06-30 16:00:00.000,2023-10-17 07:30:00,257.3541666666667,50.0
2745704,2024-04-15 00:00:00.000,2023-10-17 07:30:00,180.6875,50.0
2784490,2024-06-30 16:00:00.000,2023-10-17 07:30:00,257.3541666666667,50.0
2784811,2024-06-30 16:00:00.000,2023-10-17 07:30:00,257.3541666666667,50.0
2969044,2024-06-30 15:00:00.000,2023-10-17 07:30:00,257.3125,50.0
2784968,2024-06-30 16:00:00.000,2023-10-17 07:30:00,257.3541666666667,50.0
3012745,2024-04-15 00:00:00.000,2023-10-17 07:30:00,180.6875,50.0
2784551,2024-06-30 16:00:00.000,2023-10-17 07:30:00,257.3541666666667,50.0
2784568,2024-06-30 16:00:00.000,2023-10-17 07:30:00,257.3541666666667,50.0
2785001,2024-06-30 16:00:00.000,2023-10-17 07:30:00,257.3541666666667,50.0
2968836,2024-06-30 15:00:00.000,2023-10-17 07:30:00,257.3125,50.0
2784525,2024-06-30 16:00:00.000,2023-10-17 07:30:00,257.3541666666667,50.0
2968668,2024-06-30 15:00:00.000,2023-10-17 07:30:00,257.3125,50.0
2968927,2024-06-30 15:00:00.000,2023-10-17 07:30:00,257.3125,50.0
2966118,2024-04-15 00:00:00.000,2023-10-17 07:30:00,180.6875,50.0
2784768,2024-06-30 16:00:00.000,2023-10-17 07:30:00,257.3541666666667,50.0
2851607,2024-06-30 15:00:00.000,2023-10-17 07:30:00,257.3125,50.0
2908650,2024-04-15 00:00:00.000,2023-10-17 07:30:00,180.6875,50.0
2784291,2024-06-30 16:00:00.000,2023-10-17 07:30:00,257.3541666666667,50.0
2968603,2024-06-30 15:00:00.000,2023-10-17 07:30:00,257.3125,50.0
2802106,2024-04-15 00:00:00.000,2023-10-17 07:30:00,180.6875,50.0
2784169,2024-06-30 16:00:00.000,2023-10-17 07:30:00,257.3541666666667,50.0
2968553,2024-06-30 15:00:00.000,2023-10-17 07:30:00,257.3125,50.0
2969006,2024-06-30 15:00:00.000,2023-10-17 07:30:00,257.3125,50.0
2969264,2024-06-30 15:00:00.000,2023-10-17 07:30:00,257.3125,50.0
2968903,2024-06-30 15:00:00.000,2023-10-17 07:30:00,257.3125,50.0
2763269,2024-04-15 00:00:00.000,2023-10-17 07:30:00,180.6875,50.0
2968600,2024-06-30 15:00:00.000,2023-10-17 07:30:00,257.3125,50.0
2851695,2024-06-30 15:00:00.000,2023-10-17 07:30:00,257.3125,50.0
2968639,2024-06-30 15:00:00.000,2023-10-17 07:30:00,257.3125,50.0
2807798,2024-04-15 00:00:00.000,2023-10-17 07:30:00,180.6875,50.0
2784925,2024-06-30 16:00:00.000,2023-10-17 07:30:00,257.3541666666667,50.0
2851371,2024-06-30 15:00:00.000,2023-10-17 07:30:00,257.3125,50.0
2969275,2024-06-30 15:00:00.000,2023-10-17 07:30:00,257.3125,50.0
2784854,2024-06-30 16:00:00.000,2023-10-17 07:30:00,257.3541666666667,50.0
2851393,2024-06-30 15:00:00.000,2023-10-17 07:30:00,257.3125,50.0
2968813,2024-06-30 15:00:00.000,2023-10-17 07:30:00,257.3125,50.0
2784314,2024-06-30 16:00:00.000,2023-10-17 07:30:00,257.3541666666667,50.0
2851624,2024-06-30 15:00:00.000,2023-10-17 07:30:00,257.3125,50.0
2784190,2024-06-30 16:00:00.000,2023-10-17 07:30:00,257.3541666666667,50.0
2968601,2024-06-30 15:00:00.000,2023-10-17 07:30:00,257.3125,50.0
2968845,2024-06-30 15:00:00.000,2023-10-17 07:30:00,257.3125,50.0
2968809,2024-06-30 15:00:00.000,2023-10-17 07:30:00,257.3125,50.0
2968699,2024-06-30 15:00:00.000,2023-10-17 07:30:00,257.3125,50.0
2851735,2024-06-30 15:00:00.000,2023-10-17 07:30:00,257.3125,50.0
2851354,2024-06-30 15:00:00.000,2023-10-17 07:30:00,257.3125,50.0
2783897,2024-06-30 16:00:00.000,2023-10-17 07:30:00,257.3541666666667,50.0
2784535,2024-06-30 16:00:00.000,2023-10-17 07:30:00,257.3541666666667,50.0
2968542,2024-06-30 15:00:00.000,2023-10-17 07:30:00,257.3125,50.0
2784316,2024-06-30 16:00:00.000,2023-10-17 07:30:00,257.3541666666667,50.0
2968586,2024-06-30 15:00:00.000,2023-10-17 07:30:00,257.3125,50.0
3026970,2023-10-19 16:46:11.690,2023-10-17 07:30:00,2.3862464120370372,167.42993617426544
2851363,2024-06-30 15:00:00.000,2023-10-17 07:30:00,257.3125,50.0
2764653,2024-04-15 00:00:00.000,2023-10-17 07:30:00,180.6875,50.0
2784621,2024-06-30 16:00:00.000,2023-10-17 07:30:00,257.3541666666667,50.0
2851627,2024-06-30 15:00:00.000,2023-10-17 07:30:00,257.3125,50.0
2968565,2024-06-30 15:00:00.000,2023-10-17 07:30:00,257.3125,50.0
2968673,2024-06-30 15:00:00.000,2023-10-17 07:30:00,257.3125,50.0
2969080,2024-06-30 15:00:00.000,2023-10-17 07:30:00,257.3125,50.0
3008486,2024-04-15 00:00:00.000,2023-10-17 07:30:00,180.6875,50.0
2916077,2024-04-15 00:00:00.000,2023-10-17 07:30:00,180.6875,50.0
3041406,2023-10-27 12:34:53.117,2023-10-17 07:30:00,10.211725891203704,70.48384621771079
2969078,2024-06-30 15:00:00.000,2023-10-17 07:30:00,257.3125,50.0
2783875,2024-06-30 16:00:00.000,2023-10-17 07:30:00,257.3541666666667,50.0
2851470,2024-06-30 15:00:00.000,2023-10-17 07:30:00,257.3125,50.0
2851561,2024-06-30 15:00:00.000,2023-10-17 07:30:00,257.3125,50.0
2784517,2024-06-30 16:00:00.000,2023-10-17 07:30:00,257.3541666666667,50.0
2969104,2024-06-30 15:00:00.000,2023-10-17 07:30:00,257.3125,50.0
2784921,2024-06-30 16:00:00.000,2023-10-17 07:30:00,257.3541666666667,50.0
2851613,2024-06-30 15:00:00.000,2023-10-17 07:30:00,257.3125,50.0
2784829,2024-06-30 16:00:00.000,2023-10-17 07:30:00,257.3541666666667,50.0
2968543,2024-06-30 15:00:00.000,2023-10-17 07:30:00,257.3125,50.0
2851712,2024-06-30 15:00:00.000,2023-10-17 07:30:00,257.3125,50.0
2968691,2024-06-30 15:00:00.000,2023-10-17 07:30:00,257.3125,50.0
2968595,2024-06-30 15:00:00.000,2023-10-17 07:30:00,257.3125,50.0
2784828,2024-06-30 16:00:00.000,2023-10-17 07:30:00,257.3541666666667,50.0
2968874,2024-06-30 15:00:00.000,2023-10-17 07:30:00,257.3125,50.0
2968877,2024-06-30 15:00:00.000,2023-10-17 07:30:00,257.3125,50.0
2969272,2024-06-30 15:00:00.000,2023-10-17 07:30:00,257.3125,50.0
2851620,2024-06-30 15:00:00.000,2023-10-17 07:30:00,257.3125,50.0
2968990,2024-06-30 15:00:00.000,2023-10-17 07:30:00,257.3125,50.0
2745239,2024-04-15 00:00:00.000,2023-10-17 07:30:00,180.6875,50.0
2968875,2024-06-30 15:00:00.000,2023-10-17 07:30:00,257.3125,50.0
2968972,2024-06-30 15:00:00.000,2023-10-17 07:30:00,257.3125,50.0
2851687,2024-06-30 15:00:00.000,2023-10-17 07:30:00,257.3125,50.0
2968826,2024-06-30 15:00:00.000,2023-10-17 07:30:00,257.3125,50.0
2904207,2024-04-15 00:00:00.000,2023-10-17 07:30:00,180.6875,50.0
2686177,2024-06-30 16:00:00.000,2023-10-17 07:30:00,257.3541666666667,50.0
2851618,2024-06-30 15:00:00.000,2023-10-17 07:30:00,257.3125,50.0
2784286,2024-06-30 16:00:00.000,2023-10-17 07:30:00,257.3541666666667,50.0
2784996,2024-06-30 16:00:00.000,2023-10-17 07:30:00,257.3541666666667,50.0
2851325,2024-06-30 15:00:00.000,2023-10-17 07:30:00,257.3125,50.0
2969017,2024-06-30 15:00:00.000,2023-10-17 07:30:00,257.3125,50.0
2784309,2024-06-30 16:00:00.000,2023-10-17 07:30:00,257.3541666666667,50.0
2969086,2024-06-30 15:00:00.000,2023-10-17 07:30:00,257.3125,50.0
2968650,2024-06-30 15:00:00.000,2023-10-17 07:30:00,257.3125,50.0
2851728,2024-06-30 15:00:00.000,2023-10-17 07:30:00,257.3125,50.0
2968866,2024-06-30 15:00:00.000,2023-10-17 07:30:00,257.3125,50.0
3041880,2023-10-27 14:32:53.150,2023-10-17 07:30:00,10.293670717592592,70.11269336746899
2851680,2024-06-30 15:00:00.000,2023-10-17 07:30:00,257.3125,50.0
2784036,2024-06-30 16:00:00.000,2023-10-17 07:30:00,257.3541666666667,50.0
2969289,2024-06-30 15:00:00.000,2023-10-17 07:30:00,257.3125,50.0
2969103,2024-06-30 15:00:00.000,2023-10-17 07:30:00,257.3125,50.0
2851412,2024-06-30 15:00:00.000,2023-10-17 07:30:00,257.3125,50.0
2968534,2024-06-30 15:00:00.000,2023-10-17 07:30:00,257.3125,50.0
2968715,2024-06-30 15:00:00.000,2023-10-17 07:30:00,257.3125,50.0
2968881,2024-06-30 15:00:00.000,2023-10-17 07:30:00,257.3125,50.0
2969278,2024-06-30 15:00:00.000,2023-10-17 07:30:00,257.3125,50.0
2851622,2024-06-30 15:00:00.000,2023-10-17 07:30:00,257.3125,50.0
2968564,2024-06-30 15:00:00.000,2023-10-17 07:30:00,257.3125,50.0
2784225,2024-06-30 16:00:00.000,2023-10-17 07:30:00,257.3541666666667,50.0
2968954,2024-06-30 15:00:00.000,2023-10-17 07:30:00,257.3125,50.0
2851605,2024-06-30 15:00:00.000,2023-10-17 07:30:00,257.3125,50.0
2968914,2024-06-30 15:00:00.000,2023-10-17 07:30:00,257.3125,50.0
2851762,2024-06-30 15:00:00.000,2023-10-17 07:30:00,257.3125,50.0
2784997,2024-06-30 16:00:00.000,2023-10-17 07:30:00,257.3541666666667,50.0
2968546,2024-06-30 15:00:00.000,2023-10-17 07:30:00,257.3125,50.0
2968596,2024-06-30 15:00:00.000,2023-10-17 07:30:00,257.3125,50.0
2968718,2024-06-30 15:00:00.000,2023-10-17 07:30:00,257.3125,50.0
2968791,2024-06-30 15:00:00.000,2023-10-17 07:30:00,257.3125,50.0
2784889,2024-06-30 16:00:00.000,2023-10-17 07:30:00,257.3541666666667,50.0
2784361,2024-06-30 16:00:00.000,2023-10-17 07:30:00,257.3541666666667,50.0
2872458,2023-10-23 15:29:33.527,2023-10-17 07:30:00,6.3330269328703706,98.67391431236557
2968896,2024-06-30 15:00:00.000,2023-10-17 07:30:00,257.3125,50.0
2969027,2024-06-30 15:00:00.000,2023-10-17 07:30:00,257.3125,50.0
2784055,2024-06-30 16:00:00.000,2023-10-17 07:30:00,257.3541666666667,50.0
2851726,2024-06-30 15:00:00.000,2023-10-17 07:30:00,257.3125,50.0
2851347,2024-06-30 15:00:00.000,2023-10-17 07:30:00,257.3125,50.0
2753606,2024-04-15 00:00:00.000,2023-10-17 07:30:00,180.6875,50.0
2968895,2024-06-30 15:00:00.000,2023-10-17 07:30:00,257.3125,50.0
2968955,2024-06-30 15:00:00.000,2023-10-17 07:30:00,257.3125,50.0
2784864,2024-06-30 16:00:00.000,2023-10-17 07:30:00,257.3541666666667,50.0
2784346,2024-06-30 16:00:00.000,2023-10-17 07:30:00,257.3541666666667,50.0
2784838,2024-06-30 16:00:00.000,2023-10-17 07:30:00,257.3541666666667,50.0
2968977,2024-06-30 15:00:00.000,2023-10-17 07:30:00,257.3125,50.0
2968884,2024-06-30 15:00:00.000,2023-10-17 07:30:00,257.3125,50.0
2968918,2024-06-30 15:00:00.000,2023-10-17 07:30:00,257.3125,50.0
2968957,2024-06-30 15:00:00.000,2023-10-17 07:30:00,257.3125,50.0
2784874,2024-06-30 16:00:00.000,2023-10-17 07:30:00,257.3541666666667,50.0
2968669,2024-06-30 15:00:00.000,2023-10-17 07:30:00,257.3125,50.0
2968658,2024-06-30 15:00:00.000,2023-10-17 07:30:00,257.3125,50.0
2969084,2024-06-30 15:00:00.000,2023-10-17 07:30:00,257.3125,50.0
2784132,2024-06-30 16:00:00.000,2023-10-17 07:30:00,257.3541666666667,50.0
2783997,2024-06-30 16:00:00.000,2023-10-17 07:30:00,257.3541666666667,50.0
2968593,2024-06-30 15:00:00.000,2023-10-17 07:30:00,257.3125,50.0
2968968,2024-06-30 15:00:00.000,2023-10-17 07:30:00,257.3125,50.0
2851616,2024-06-30 15:00:00.000,2023-10-17 07:30:00,257.3125,50.0
2968723,2024-06-30 15:00:00.000,2023-10-17 07:30:00,257.3125,50.0
3013782,2024-04-15 00:00:00.000,2023-10-17 07:30:00,180.6875,50.0
2968915,2024-06-30 15:00:00.000,2023-10-17 07:30:00,257.3125,50.0
3039943,2023-10-27 08:31:27.400,2023-10-17 07:30:00,10.042678240740742,71.27129431868912
2783921,2024-06-30 16:00:00.000,2023-10-17 07:30:00,257.3541666666667,50.0
2905323,2023-10-26 08:29:09.767,2023-10-17 07:30:00,9.041085266203703,76.5985709992736
2784927,2024-06-30 16:00:00.000,2023-10-17 07:30:00,257.3541666666667,50.0
2784817,2024-06-30 16:00:00.000,2023-10-17 07:30:00,257.3541666666667,50.0
2968536,2024-06-30 15:00:00.000,2023-10-17 07:30:00,257.3125,50.0
2784583,2024-06-30 16:00:00.000,2023-10-17 07:30:00,257.3541666666667,50.0
2968924,2024-06-30 15:00:00.000,2023-10-17 07:30:00,257.3125,50.0
2784620,2024-06-30 16:00:00.000,2023-10-17 07:30:00,257.3541666666667,50.0
2851356,2024-06-30 15:00:00.000,2023-10-17 07:30:00,257.3125,50.0
2968842,2024-06-30 15:00:00.000,2023-10-17 07:30:00,257.3125,50.0
2783939,2024-06-30 16:00:00.000,2023-10-17 07:30:00,257.3541666666667,50.0
2851403,2024-06-30 15:00:00.000,2023-10-17 07:30:00,257.3125,50.0
2784010,2024-06-30 16:00:00.000,2023-10-17 07:30:00,257.3541666666667,50.0
2851642,2024-06-30 15:00:00.000,2023-10-17 07:30:00,257.3125,50.0
2851692,2024-06-30 15:00:00.000,2023-10-17 07:30:00,257.3125,50.0
2968689,2024-06-30 15:00:00.000,2023-10-17 07:30:00,257.3125,50.0
2968662,2024-06-30 15:00:00.000,2023-10-17 07:30:00,257.3125,50.0
2851732,2024-06-30 15:00:00.000,2023-10-17 07:30:00,257.3125,50.0
2763254,2024-04-15 00:00:00.000,2023-10-17 07:30:00,180.6875,50.0
2968886,2024-06-30 15:00:00.000,2023-10-17 07:30:00,257.3125,50.0
2785010,2024-06-30 16:00:00.000,2023-10-17 07:30:00,257.3541666666667,50.0
2968716,2024-06-30 15:00:00.000,2023-10-17 07:30:00,257.3125,50.0
2784959,2024-06-30 16:00:00.000,2023-10-17 07:30:00,257.3541666666667,50.0
3024905,2023-11-16 09:59:04.507,2023-10-17 07:30:00,30.103524386574076,50.241934083503295
2969087,2024-06-30 15:00:00.000,2023-10-17 07:30:00,257.3125,50.0
2851643,2024-06-30 15:00:00.000,2023-10-17 07:30:00,257.3125,50.0
2784849,2024-06-30 16:00:00.000,2023-10-17 07:30:00,257.3541666666667,50.0
2968966,2024-06-30 15:00:00.000,2023-10-17 07:30:00,257.3125,50.0
2784709,2024-06-30 16:00:00.000,2023-10-17 07:30:00,257.3541666666667,50.0
2968880,2024-06-30 15:00:00.000,2023-10-17 07:30:00,257.3125,50.0
2784960,2024-06-30 16:00:00.000,2023-10-17 07:30:00,257.3541666666667,50.0
2784358,2024-06-30 16:00:00.000,2023-10-17 07:30:00,257.3541666666667,50.0
2784428,2024-06-30 16:00:00.000,2023-10-17 07:30:00,257.3541666666667,50.0
2784855,2024-06-30 16:00:00.000,2023-10-17 07:30:00,257.3541666666667,50.0
2968591,2024-06-30 15:00:00.000,2023-10-17 07:30:00,257.3125,50.0
3031331,2023-10-23 13:09:53.577,2023-10-17 07:30:00,6.2360367708333335,99.7388329642219
2784569,2024-06-30 16:00:00.000,2023-10-17 07:30:00,257.3541666666667,50.0
3004529,2024-04-15 00:00:00.000,2023-10-17 07:30:00,180.6875,50.0
2784613,2024-06-30 16:00:00.000,2023-10-17 07:30:00,257.3541666666667,50.0
2969222,2024-06-30 15:00:00.000,2023-10-17 07:30:00,257.3125,50.0
2783927,2024-06-30 16:00:00.000,2023-10-17 07:30:00,257.3541666666667,50.0
2851353,2024-06-30 15:00:00.000,2023-10-17 07:30:00,257.3125,50.0
2851694,2024-06-30 15:00:00.000,2023-10-17 07:30:00,257.3125,50.0
2784504,2024-06-30 16:00:00.000,2023-10-17 07:30:00,257.3541666666667,50.0
2784088,2024-06-30 16:00:00.000,2023-10-17 07:30:00,257.3541666666667,50.0
2969221,2024-06-30 15:00:00.000,2023-10-17 07:30:00,257.3125,50.0
2784181,2024-06-30 16:00:00.000,2023-10-17 07:30:00,257.3541666666667,50.0
2919781,2024-04-15 00:00:00.000,2023-10-17 07:30:00,180.6875,50.0
2851669,2024-06-30 15:00:00.000,2023-10-17 07:30:00,257.3125,50.0
2785021,2024-06-30 16:00:00.000,2023-10-17 07:30:00,257.3541666666667,50.0
2772895,2024-04-15 00:00:00.000,2023-10-17 07:30:00,180.6875,50.0
2968892,2024-06-30 15:00:00.000,2023-10-17 07:30:00,257.3125,50.0
2968592,2024-06-30 15:00:00.000,2023-10-17 07:30:00,257.3125,50.0
2968696,2024-06-30 15:00:00.000,2023-10-17 07:30:00,257.3125,50.0
2968533,2024-06-30 15:00:00.000,2023-10-17 07:30:00,257.3125,50.0
2851730,2024-06-30 15:00:00.000,2023-10-17 07:30:00,257.3125,50.0
2851716,2024-06-30 15:00:00.000,2023-10-17 07:30:00,257.3125,50.0
2784550,2024-06-30 16:00:00.000,2023-10-17 07:30:00,257.3541666666667,50.0
2783928,2024-06-30 16:00:00.000,2023-10-17 07:30:00,257.3541666666667,50.0
2968812,2024-06-30 15:00:00.000,2023-10-17 07:30:00,257.3125,50.0
2784463,2024-06-30 16:00:00.000,2023-10-17 07:30:00,257.3541666666667,50.0
2722131,2024-04-15 00:00:00.000,2023-10-17 07:30:00,180.6875,50.0
2784288,2024-06-30 16:00:00.000,2023-10-17 07:30:00,257.3541666666667,50.0
2784881,2024-06-30 16:00:00.000,2023-10-17 07:30:00,257.3541666666667,50.0
2968555,2024-06-30 15:00:00.000,2023-10-17 07:30:00,257.3125,50.0
2784008,2024-06-30 16:00:00.000,2023-10-17 07:30:00,257.3541666666667,50.0
2784846,2024-06-30 16:00:00.000,2023-10-17 07:30:00,257.3541666666667,50.0
2851587,2024-06-30 15:00:00.000,2023-10-17 07:30:00,257.3125,50.0
2968894,2024-06-30 15:00:00.000,2023-10-17 07:30:00,257.3125,50.0
2968594,2024-06-30 15:00:00.000,2023-10-17 07:30:00,257.3125,50.0
2783888,2024-06-30 16:00:00.000,2023-10-17 07:30:00,257.3541666666667,50.0
2851755,2024-06-30 15:00:00.000,2023-10-17 07:30:00,257.3125,50.0
2968721,2024-06-30 15:00:00.000,2023-10-17 07:30:00,257.3125,50.0
2969292,2024-06-30 15:00:00.000,2023-10-17 07:30:00,257.3125,50.0
2784518,2024-06-30 16:00:00.000,2023-10-17 07:30:00,257.3541666666667,50.0
2968843,2024-06-30 15:00:00.000,2023-10-17 07:30:00,257.3125,50.0
2851377,2024-06-30 15:00:00.000,2023-10-17 07:30:00,257.3125,50.0
2785003,2024-06-30 16:00:00.000,2023-10-17 07:30:00,257.3541666666667,50.0
2784357,2024-06-30 16:00:00.000,2023-10-17 07:30:00,257.3541666666667,50.0
2764682,2024-04-15 00:00:00.000,2023-10-17 07:30:00,180.6875,50.0
2784137,2024-06-30 16:00:00.000,2023-10-17 07:30:00,257.3541666666667,50.0
2968656,2024-06-30 15:00:00.000,2023-10-17 07:30:00,257.3125,50.0
2784362,2024-06-30 16:00:00.000,2023-10-17 07:30:00,257.3541666666667,50.0
2851611,2024-06-30 15:00:00.000,2023-10-17 07:30:00,257.3125,50.0
2968679,2024-06-30 15:00:00.000,2023-10-17 07:30:00,257.3125,50.0
2885123,2024-04-15 00:00:00.000,2023-10-17 07:30:00,180.6875,50.0
2783964,2024-04-15 00:00:00.000,2023-10-17 07:30:00,180.6875,50.0
2784312,2024-06-30 16:00:00.000,2023-10-17 07:30:00,257.3541666666667,50.0
2968602,2024-06-30 15:00:00.000,2023-10-17 07:30:00,257.3125,50.0
2784171,2024-06-30 16:00:00.000,2023-10-17 07:30:00,257.3541666666667,50.0
2784565,2024-06-30 16:00:00.000,2023-10-17 07:30:00,257.3541666666667,50.0
2968660,2024-06-30 15:00:00.000,2023-10-17 07:30:00,257.3125,50.0
2784112,2024-06-30 16:00:00.000,2023-10-17 07:30:00,257.3541666666667,50.0
2784995,2024-06-30 16:00:00.000,2023-10-17 07:30:00,257.3541666666667,50.0
2784248,2024-06-30 16:00:00.000,2023-10-17 07:30:00,257.3541666666667,50.0
2917261,2024-04-15 00:00:00.000,2023-10-17 07:30:00,180.6875,50.0
2968649,2024-06-30 15:00:00.000,2023-10-17 07:30:00,257.3125,50.0
2968604,2024-06-30 15:00:00.000,2023-10-17 07:30:00,257.3125,50.0
3037990,2023-10-26 09:36:39.333,2023-10-17 07:30:00,9.087955243055555,76.3218333300421
2784037,2024-06-30 16:00:00.000,2023-10-17 07:30:00,257.3541666666667,50.0
3024751,2023-10-19 09:29:08.847,2023-10-17 07:30:00,2.082741284722222,175.65839568786006
2784389,2024-06-30 16:00:00.000,2023-10-17 07:30:00,257.3541666666667,50.0
2745523,2024-04-15 00:00:00.000,2023-10-17 07:30:00,180.6875,50.0
2851337,2024-06-30 15:00:00.000,2023-10-17 07:30:00,257.3125,50.0
2763376,2024-04-15 00:00:00.000,2023-10-17 07:30:00,180.6875,50.0
2784505,2024-06-30 16:00:00.000,2023-10-17 07:30:00,257.3541666666667,50.0
2851408,2024-06-30 15:00:00.000,2023-10-17 07:30:00,257.3125,50.0
2851386,2024-06-30 15:00:00.000,2023-10-17 07:30:00,257.3125,50.0
2764534,2024-04-15 00:00:00.000,2023-10-17 07:30:00,180.6875,50.0
2968993,2024-06-30 15:00:00.000,2023-10-17 07:30:00,257.3125,50.0
2851737,2024-06-30 15:00:00.000,2023-10-17 07:30:00,257.3125,50.0
2784830,2024-06-30 16:00:00.000,2023-10-17 07:30:00,257.3541666666667,50.0
2968964,2024-06-30 15:00:00.000,2023-10-17 07:30:00,257.3125,50.0
2784548,2024-06-30 16:00:00.000,2023-10-17 07:30:00,257.3541666666667,50.0
2784489,2024-06-30 16:00:00.000,2023-10-17 07:30:00,257.3541666666667,50.0
2851481,2024-06-30 15:00:00.000,2023-10-17 07:30:00,257.3125,50.0
2784011,2024-06-30 16:00:00.000,2023-10-17 07:30:00,257.3541666666667,50.0
3023298,2023-11-15 12:17:10.790,2023-10-17 07:30:00,29.199430439814815,50.296014381957406
2908327,2024-04-15 00:00:00.000,2023-10-17 07:30:00,180.6875,50.0
2784847,2024-06-30 16:00:00.000,2023-10-17 07:30:00,257.3541666666667,50.0
2784961,2024-06-30 16:00:00.000,2023-10-17 07:30:00,257.3541666666667,50.0
2968900,2024-06-30 15:00:00.000,2023-10-17 07:30:00,257.3125,50.0
2968823,2024-06-30 15:00:00.000,2023-10-17 07:30:00,257.3125,50.0
2968647,2024-06-30 15:00:00.000,2023-10-17 07:30:00,257.3125,50.0
2969020,2024-06-30 15:00:00.000,2023-10-17 07:30:00,257.3125,50.0
2968828,2024-06-30 15:00:00.000,2023-10-17 07:30:00,257.3125,50.0
2784007,2024-06-30 16:00:00.000,2023-10-17 07:30:00,257.3541666666667,50.0
2851379,2024-06-30 15:00:00.000,2023-10-17 07:30:00,257.3125,50.0
3037088,2023-10-25 14:38:14.643,2023-10-17 07:30:00,8.29739170138889,81.40000071406298
2784993,2024-06-30 16:00:00.000,2023-10-17 07:30:00,257.3541666666667,50.0
2968632,2024-06-30 15:00:00.000,2023-10-17 07:30:00,257.3125,50.0
2968932,2024-06-30 15:00:00.000,2023-10-17 07:30:00,257.3125,50.0
2783938,2024-06-30 16:00:00.000,2023-10-17 07:30:00,257.3541666666667,50.0
2784962,2024-06-30 16:00:00.000,2023-10-17 07:30:00,257.3541666666667,50.0
2867580,2023-10-24 14:23:01.907,2023-10-17 07:30:00,7.286827627314815,89.34263425578759
2784587,2024-06-30 16:00:00.000,2023-10-17 07:30:00,257.3541666666667,50.0
2968625,2024-06-30 15:00:00.000,2023-10-17 07:30:00,257.3125,50.0
2851645,2024-06-30 15:00:00.000,2023-10-17 07:30:00,257.3125,50.0
2784546,2024-06-30 16:00:00.000,2023-10-17 07:30:00,257.3541666666667,50.0
3039813,2023-10-27 08:01:09.763,2023-10-17 07:30:00,10.021640775462963,71.37138449142533
2968645,2024-06-30 15:00:00.000,2023-10-17 07:30:00,257.3125,50.0
2969187,2024-06-30 15:00:00.000,2023-10-17 07:30:00,257.3125,50.0
2968902,2024-06-30 15:00:00.000,2023-10-17 07:30:00,257.3125,50.0
2784374,2024-06-30 16:00:00.000,2023-10-17 07:30:00,257.3541666666667,50.0
2851460,2024-06-30 15:00:00.000,2023-10-17 07:30:00,257.3125,50.0
2785023,2024-06-30 16:00:00.000,2023-10-17 07:30:00,257.3541666666667,50.0
2968979,2024-06-30 15:00:00.000,2023-10-17 07:30:00,257.3125,50.0
2784710,2024-06-30 16:00:00.000,2023-10-17 07:30:00,257.3541666666667,50.0
2968653,2024-06-30 15:00:00.000,2023-10-17 07:30:00,257.3125,50.0
2968878,2024-06-30 15:00:00.000,2023-10-17 07:30:00,257.3125,50.0
2784224,2024-06-30 16:00:00.000,2023-10-17 07:30:00,257.3541666666667,50.0
2784907,2024-06-30 16:00:00.000,2023-10-17 07:30:00,257.3541666666667,50.0
2968730,2024-06-30 15:00:00.000,2023-10-17 07:30:00,257.3125,50.0
2969085,2024-06-30 15:00:00.000,2023-10-17 07:30:00,257.3125,50.0
2784588,2024-06-30 16:00:00.000,2023-10-17 07:30:00,257.3541666666667,50.0
2784531,2024-06-30 16:00:00.000,2023-10-17 07:30:00,257.3541666666667,50.0
2784810,2024-06-30 16:00:00.000,2023-10-17 07:30:00,257.3541666666667,50.0
2851615,2024-06-30 15:00:00.000,2023-10-17 07:30:00,257.3125,50.0
